Timecode,BlendshapeCount,EyeBlinkLeft,EyeLookDownLeft,EyeLookInLeft,EyeLookOutLeft,EyeLookUpLeft,EyeSquintLeft,EyeWideLeft,EyeBlinkRight,EyeLookDownRight,EyeLookInRight,EyeLookOutRight,EyeLookUpRight,EyeSquintRight,EyeWideRight,JawForward,JawRight,JawLeft,JawOpen,MouthClose,MouthFunnel,MouthPucker,MouthRight,MouthLeft,MouthSmileLeft,MouthSmileRight,MouthFrownLeft,MouthFrownRight,MouthDimpleLeft,MouthDimpleRight,MouthStretchLeft,MouthStretchRight,MouthRollLower,MouthRollUpper,MouthShrugLower,MouthShrugUpper,MouthPressLeft,MouthPressRight,MouthLowerDownLeft,MouthLowerDownRight,MouthUpperUpLeft,MouthUpperUpRight,BrowDownLeft,BrowDownRight,BrowInnerUp,BrowOuterUpLeft,BrowOuterUpRight,CheekPuff,CheekSquintLeft,CheekSquintRight,NoseSneerLeft,NoseSneerRight,TongueOut,HeadYaw,HeadPitch,HeadRoll,LeftEyeYaw,LeftEyePitch,LeftEyeRoll,RightEyeYaw,RightEyePitch,RightEyeRoll,Angry,Disgusted,Fearful,Happy,Neutral,Sad,Surprised
0.0,68.0,0.006002374924719334,-0.0014229624066501856,1.8972536054207012e-05,-0.0003513420233502984,0.0006901610759086907,0.05687253549695015,0.17801237106323242,0.007108381483703852,-0.001976914005354047,-0.0012329339515417814,-0.0008262355113402009,0.000403396668843925,0.057013917714357376,0.17899951338768005,0.06370597332715988,-3.2957316307147266e-06,0.038796428591012955,0.2573602795600891,-0.0013234249781817198,0.08556868880987167,-0.0019382089376449585,0.0250585675239563,-0.00010140761878574267,0.2173181176185608,0.1719171702861786,-0.0014894306659698486,0.00017287963419221342,0.05904163420200348,0.05402832478284836,0.14952701330184937,0.15736815333366394,-0.001978230429813266,0.00577893853187561,-0.0018675114260986447,-0.002217903034761548,0.006854592356830835,0.007776166312396526,0.47472164034843445,0.46501973271369934,0.12293094396591187,0.11613509804010391,0.004381627310067415,0.004143890459090471,0.010554052889347076,0.008848780766129494,0.009433372877538204,0.0005392361199483275,0.0800967887043953,0.07278238236904144,0.005746730137616396,0.010705577209591866,-0.00017537485109642148,-1.4210396557245986e-06,-5.150855386659714e-08,-2.7232508159613644e-07,0.008125513792037964,-0.08300235867500305,0.003063333686441183,-0.0002455722133163363,-0.08303888142108917,-0.0073132892139256,5.463965892791748,1.2344965934753418,2.5122742652893066,2.806556463241577,53.57074737548828,11.912493705749512,25.013212203979492
1.0,68.0,0.006943954154849052,-0.00137794716283679,6.906770431669429e-05,-0.00026020396035164595,0.000684322789311409,0.05679042264819145,0.18737168610095978,0.0079378392547369,-0.0019189880695194006,-0.001266196952201426,-0.0009897962445393205,0.0003847584594041109,0.05692672356963158,0.1882936805486679,0.06247960031032562,3.470489673418342e-06,0.040233321487903595,0.2468360960483551,-0.0014222924364730716,0.0882725939154625,-0.001922485651448369,0.02380945533514023,-0.00014971407654229552,0.23012760281562805,0.18662241101264954,-0.0015627294778823853,2.6594345399644226e-05,0.057770662009716034,0.053037453442811966,0.14274929463863373,0.1521371752023697,-0.0019500249763950706,0.005265331361442804,-0.0016363323666155338,-0.0018870129715651274,0.006712479051202536,0.0076293195597827435,0.47055721282958984,0.4641789197921753,0.13548877835273743,0.12966230511665344,0.0033748045098036528,0.0031663463450968266,0.011718269437551498,0.016284728422760963,0.01684480905532837,0.0007427287637256086,0.08957931399345398,0.08334226906299591,0.019568780437111855,0.025705719366669655,-0.00015884080494288355,-1.2842900787291e-06,-4.3374193126055616e-08,-4.5864607045587036e-07,0.007682885974645615,-0.08055827766656876,0.003159532556310296,-0.00025110808201134205,-0.0805942639708519,-0.00683234166353941,5.300533294677734,1.2805712223052979,2.743788719177246,2.9021356105804443,54.004737854003906,11.821534156799316,24.451940536499023
2.0,68.0,0.00606310972943902,-0.0012994275894016027,0.0006463139434345067,-0.00010361509339418262,0.0005204443004913628,0.05623987317085266,0.19772742688655853,0.006957792676985264,-0.001811644178815186,-0.0014963531866669655,-0.0011559347622096539,0.00022470031399279833,0.0563754066824913,0.19859355688095093,0.05951939523220062,2.380693877057638e-05,0.041409265249967575,0.2313804179430008,-0.0013436631998047233,0.07478667050600052,-0.0019826870411634445,0.023090219125151634,-0.0002447555889375508,0.2505043148994446,0.20779764652252197,-0.0015406780876219273,-0.00024484519963152707,0.05536789074540138,0.05098826438188553,0.13070262968540192,0.14285552501678467,-0.0016432368429377675,0.00466722110286355,-0.0010611977195367217,-0.0014529109466820955,0.006224743090569973,0.007028826046735048,0.4596289098262787,0.45678389072418213,0.14804844558238983,0.1423652470111847,0.003769039874896407,0.003564566606655717,0.01438390277326107,0.026717178523540497,0.027240747585892677,0.0009990008547902107,0.10464422404766083,0.09912528842687607,0.03623299300670624,0.04266321286559105,-0.00012403435539454222,-1.235380295838695e-06,-5.256049817603525e-08,-5.377563638830907e-07,0.008037954568862915,-0.07947918772697449,0.0032420926727354527,0.00037614573375321925,-0.0795157179236412,-0.0065544708631932735,4.777248382568359,1.2744005918502808,2.833617687225342,2.970950126647949,56.16581726074219,12.168981552124023,22.344093322753906
3.0,68.0,0.004936869256198406,-0.0013301552971825004,0.0027510197833180428,-0.0004551613237708807,0.00018741497478913516,0.056179825216531754,0.19423457980155945,0.005147456657141447,-0.00168590247631073,-0.0019614833872765303,-0.0010938552441075444,-3.8956663047429174e-05,0.0563037246465683,0.19515827298164368,0.05819232761859894,-4.913772136205807e-05,0.041483715176582336,0.21208599209785461,-0.0008639271836727858,0.054850853979587555,-0.0017345868982374668,0.02221793495118618,-0.00039702330832369626,0.2615450918674469,0.21979378163814545,-0.0015962005127221346,-0.0007223582942970097,0.05325349420309067,0.049401458352804184,0.1130695715546608,0.12584353983402252,-0.0013848465168848634,0.004284809809178114,-0.0003108508826699108,-0.0013153061736375093,0.004924533423036337,0.005550827365368605,0.45232322812080383,0.4539662301540375,0.1520337164402008,0.14522452652454376,0.006718138232827187,0.006368907634168863,0.01677560620009899,0.03721344470977783,0.03763512521982193,0.0005397478817030787,0.1156844049692154,0.11104873567819595,0.049628354609012604,0.05256934091448784,-6.729512824676931e-05,-1.7536956420372007e-06,-1.0628888702512995e-07,-4.349308539985941e-07,0.009521369822323322,-0.0784793272614479,0.003084417898207903,0.0018306178972125053,-0.07851789891719818,-0.006544404663145542,4.1721978187561035,1.2863526344299316,2.867745876312256,2.869027614593506,60.93645477294922,12.349554061889648,17.92940902709961
4.0,68.0,0.0036872613709419966,-0.0008174602407962084,0.003019468393176794,-0.00029779644683003426,0.00011899659148184583,0.05533198267221451,0.1903216540813446,0.003723608795553446,-0.0010416440200060606,-0.0019120967481285334,-0.00156269536819309,-3.4460386814316735e-05,0.05542955920100212,0.19116753339767456,0.05086134746670723,-0.00011074054782511666,0.040391769260168076,0.17189759016036987,-0.0010217492235824466,0.044329095631837845,-0.0018827670719474554,0.01776764541864395,-0.00031133354059420526,0.2526209354400635,0.2165575474500656,-0.002156313043087721,-0.0005829049041494727,0.04740697890520096,0.0446280762553215,0.08755398541688919,0.10210788995027542,-0.0016439479077234864,0.004232891835272312,-0.0007353480323217809,-0.0006295096827670932,0.004735448397696018,0.005229650530964136,0.41007041931152344,0.41704005002975464,0.14554448425769806,0.13930732011795044,0.019436897709965706,0.019078535959124565,0.022321689873933792,0.03763866797089577,0.0380040779709816,0.0002911401097662747,0.10948445647954941,0.10736033320426941,0.05755295604467392,0.05894823372364044,-1.3625354768009856e-05,-2.3175280148279853e-06,-1.2484139233492897e-07,-3.77611911517306e-07,0.009176223538815975,-0.0747355967760086,0.0029173654038459063,0.0024482677690684795,-0.07477500289678574,-0.006223647389560938,3.6538357734680176,1.1698355674743652,2.7892603874206543,2.6154329776763916,62.8765869140625,13.486536026000977,15.727231979370117
5.0,68.0,0.002324551111087203,-0.0011499394895508885,0.006185254547744989,-0.00020959475659765303,3.397593172849156e-05,0.053114261478185654,0.1763681024312973,0.0017828339478000998,-0.0012582336785271764,-0.0022388272918760777,-0.0012866567121818662,-0.00010444339568493888,0.05313127860426903,0.17705461382865906,0.04501715302467346,-0.00012513325782492757,0.04246728494763374,0.14541494846343994,-0.0011821468360722065,0.05599309504032135,-0.0019585909321904182,0.015379626303911209,-0.00026346108643338084,0.2362707257270813,0.2014150619506836,-0.001937986584380269,0.00010421210754429922,0.041645050048828125,0.03950047120451927,0.07373140752315521,0.08881572633981705,-0.0016048556426540017,0.004150195512920618,-0.0008998201810754836,-0.0005220500170253217,0.004293173551559448,0.004718166776001453,0.3690568208694458,0.3782646059989929,0.13123244047164917,0.12529855966567993,0.025736147537827492,0.025297632440924644,0.031781114637851715,0.04396075755357742,0.04429328069090843,0.0003264374390710145,0.1062593087553978,0.1021326556801796,0.0542384535074234,0.05474552512168884,4.957533747074194e-06,-2.246656777060707e-06,-7.538261570516624e-08,-4.1468112499387644e-07,0.011076314374804497,-0.07413794845342636,0.003258132142946124,0.004365420434623957,-0.07417703419923782,-0.005999472923576832,3.4803709983825684,1.0252807140350342,2.6556310653686523,2.6987249851226807,66.02835845947266,13.481460571289062,13.039684295654297
6.0,68.0,0.004720829892903566,-0.001355580287054181,0.009084036573767662,-0.00010452439892105758,-4.457047180039808e-05,0.05043118819594383,0.1522234082221985,0.004528028424829245,-0.0015380633994936943,-0.0024438779801130295,-0.0013997809728607535,-0.00019066687673330307,0.05046190693974495,0.1529126912355423,0.036842767149209976,-0.00012690156290773302,0.04330192133784294,0.11005136370658875,-0.0011524851433932781,0.07584066689014435,-0.0021373725030571222,0.015250027179718018,-0.00034465864882804453,0.22909057140350342,0.18945209681987762,-0.0017343944637104869,-0.0006285692215897143,0.035732854157686234,0.03411928564310074,0.05567215755581856,0.07324165850877762,-0.001696414896287024,0.0038024988025426865,-0.0007920448551885784,-0.0005911949556320906,0.004290643148124218,0.004685202147811651,0.330631285905838,0.3393060564994812,0.13009074330329895,0.12163101136684418,0.02290966920554638,0.022211415693163872,0.03978350758552551,0.06472872942686081,0.06505230814218521,-1.9638551748357713e-05,0.10434865951538086,0.09829423576593399,0.05267197638750076,0.05204064026474953,-0.00016686206799931824,-2.011271817536908e-06,-5.016059745344137e-08,-7.074013979035954e-07,0.012629948556423187,-0.07237739861011505,0.0031707158777862787,0.006360100582242012,-0.07241489738225937,-0.0057624345645308495,4.751839637756348,1.473201036453247,3.389089584350586,3.4652013778686523,58.357177734375,15.092216491699219,16.075664520263672
7.0,68.0,0.018535064533352852,0.0018810800975188613,0.01242532767355442,-0.00020998211402911693,-4.821559559786692e-05,0.050196871161460876,0.1406666785478592,0.01827578991651535,0.0015887044137343764,-0.0008425682899542153,-0.0009388492326252162,-0.0001834973372751847,0.05021744221448898,0.14131782948970795,0.02970791608095169,-0.00013216350635048002,0.04399951919913292,0.08015844970941544,-0.0008109842310659587,0.0965362936258316,-0.0017217420972883701,0.014676646329462528,-0.0002407970605418086,0.2193222939968109,0.17389540374279022,-0.0020072425249964,-0.0010083282832056284,0.03176484256982803,0.030370714142918587,0.040229689329862595,0.05949709564447403,-0.0015330648748204112,0.002869025571271777,-0.0007309918291866779,0.00028245593421161175,0.005021588411182165,0.005201671738177538,0.3041260242462158,0.31081604957580566,0.1387222409248352,0.12816858291625977,0.024867204949259758,0.024092113599181175,0.04679747670888901,0.08265448361635208,0.0829961970448494,-0.00014776202442590147,0.0999872088432312,0.09247435629367828,0.05366189032793045,0.051138896495103836,-0.00031799706630408764,-1.196134462588816e-06,-2.5823309712791342e-08,-1.321510808338644e-06,0.013317277655005455,-0.065238818526268,0.0027511899825185537,0.0069693708792328835,-0.06527457386255264,-0.005483150016516447,4.633334636688232,1.6976248025894165,2.9867405891418457,3.3768584728240967,55.92578125,16.4462947845459,17.712696075439453
8.0,68.0,0.04658317193388939,0.006709388457238674,0.014607453718781471,-0.00019467940728645772,0.000262345012743026,0.04906284436583519,0.1247849389910698,0.046214357018470764,0.0061947014182806015,0.001325478544458747,0.0002678688324522227,0.00012035880354233086,0.049035146832466125,0.1254863291978836,0.024997496977448463,-0.0001066379263647832,0.044580765068531036,0.0622183233499527,-0.00038776203291490674,0.10608146339654922,-0.0016824406338855624,0.014259099029004574,-0.00012687346315942705,0.22805534303188324,0.17483282089233398,-0.0018336278153583407,-0.0008976031094789505,0.03053342178463936,0.029254697263240814,0.034344401210546494,0.0553562268614769,-0.0017237329157069325,0.002645562868565321,-0.0011675981804728508,0.0007525078835897148,0.006212447304278612,0.00625969422981143,0.2794685363769531,0.2830270826816559,0.1381245106458664,0.1250712275505066,0.009310970082879066,0.008355016820132732,0.04894508421421051,0.08769473433494568,0.08803190290927887,-0.00013879036123398691,0.09770893305540085,0.08796951919794083,0.055907994508743286,0.050904422998428345,-0.0003155865124426782,-1.1598613127716817e-06,-3.255117775324834e-08,-1.4846842759652645e-06,0.013925518840551376,-0.05387430265545845,0.001982545480132103,0.007289358414709568,-0.05390900745987892,-0.004730077460408211,4.7367730140686035,1.9055439233779907,3.3837242126464844,3.553331136703491,51.14904022216797,18.57948112487793,19.621665954589844
9.0,68.0,0.0576368123292923,0.011368371546268463,0.017785094678401947,-0.00030658935429528356,0.00025011191610246897,0.04576845467090607,0.13364966213703156,0.05717206373810768,0.010748487897217274,-0.0010759365977719426,0.0005631907843053341,8.855495252646506e-05,0.04574044048786163,0.13439738750457764,0.022961657494306564,-7.539283251389861e-05,0.04479183629155159,0.06534089893102646,-0.00045442208647727966,0.12889033555984497,-0.0018396765226498246,0.014680596999824047,-0.00010042371286544949,0.22073747217655182,0.1673392653465271,-0.0021738135255873203,-0.0007107455166988075,0.03010779432952404,0.02869998849928379,0.03866060823202133,0.05895073339343071,-0.0018376935040578246,0.0021785409189760685,-0.0015002281870692968,0.002186737023293972,0.006412707734853029,0.006560970563441515,0.27331069111824036,0.2744327485561371,0.14292766153812408,0.12903562188148499,0.0024038783740252256,0.0014711023541167378,0.07541859149932861,0.11668801307678223,0.11707784980535507,1.638042158447206e-05,0.09470026195049286,0.08553759753704071,0.05131606012582779,0.04816259816288948,-0.0002697159652598202,-1.3559900935433689e-06,-1.4761727840095773e-08,-1.50387927533302e-06,0.01729704812169075,-0.049139004200696945,0.0023947497829794884,0.010142496787011623,-0.049175094813108444,-0.0037879678420722485,5.0819478034973145,2.0213828086853027,4.285224437713623,3.5493686199188232,52.44005584716797,17.149377822875977,18.31753158569336
10.0,68.0,0.03509153053164482,1.7351980204693973e-05,0.031271275132894516,-0.0004757025744765997,0.0009416229440830648,0.044558290392160416,0.15649105608463287,0.03455076739192009,-0.00039621241739951074,-0.0037772785872220993,0.004562685266137123,0.0008812206797301769,0.04453442245721817,0.15717384219169617,0.023511327803134918,-8.638065628474578e-05,0.04319239780306816,0.0892643928527832,-0.0005014692433178425,0.1642998903989792,-0.0015025836182758212,0.013260390609502792,-9.951807442121208e-05,0.21928775310516357,0.17198042571544647,-0.0019034737488254905,-0.00031705148285254836,0.03158338740468025,0.030255354940891266,0.04827799275517464,0.0672374740242958,-0.0018430340569466352,0.0014353895094245672,-0.0017221010057255626,0.0062226103618741035,0.005480445455759764,0.005653627682477236,0.3202052414417267,0.31850114464759827,0.1462031900882721,0.1327984482049942,0.0027140763122588396,0.0017195178661495447,0.1300148218870163,0.17026777565479279,0.17063231766223907,0.00012965193309355527,0.0937557965517044,0.08730366826057434,0.037238530814647675,0.038857556879520416,-0.00022786870249547064,-1.3682152939509251e-06,-2.888700656455967e-08,-9.062488857125572e-07,0.024014322087168694,-0.05601907894015312,0.0030097109265625477,0.018257714807987213,-0.056056417524814606,-0.004124555271118879,5.1818952560424805,2.042219638824463,4.885293960571289,3.288510799407959,55.12138366699219,16.4803466796875,16.267656326293945
11.0,68.0,0.01711501181125641,0.002263427712023258,0.03228188306093216,-0.00039353861939162016,-0.00014376691251527518,0.039501968771219254,0.17280055582523346,0.016977550461888313,0.002008221810683608,-0.0033003187272697687,0.005839921999722719,-0.00022581931261811405,0.03956061974167824,0.17340248823165894,0.027941668406128883,-0.00010024454240920022,0.04101043567061424,0.1206112653017044,-0.0009533013217151165,0.22598640620708466,-0.0019753635860979557,0.011759047396481037,-5.0297490815864876e-05,0.19431531429290771,0.1574152559041977,-0.001795323914848268,-0.00017072504851967096,0.032285310328006744,0.03112976998090744,0.05966176465153694,0.07450151443481445,-0.0012686997652053833,0.002142743906006217,-0.0020859420765191317,0.004589537158608437,0.003528445726260543,0.004089337773621082,0.35637253522872925,0.3548024892807007,0.135539248585701,0.12635812163352966,0.00048666141810826957,-0.00028959254268556833,0.17285692691802979,0.19539879262447357,0.19583484530448914,-7.113543688319623e-05,0.0763372853398323,0.0719982460141182,0.00899608712643385,0.013482284732162952,-0.00020030737505294383,-1.4536032040268765e-06,-4.082696847262923e-08,-6.785076607229712e-07,0.02330649085342884,-0.0599626824259758,0.003579142037779093,0.018499691039323807,-0.059997569769620895,-0.0039851609617471695,4.583784580230713,1.7223447561264038,4.092761516571045,2.766692638397217,56.97242736816406,16.79107666015625,16.413503646850586
12.0,68.0,0.021567411720752716,0.0009306345600634813,0.03347960114479065,-0.0001708233612589538,-9.933616638591047e-06,0.040355272591114044,0.19403374195098877,0.02236570045351982,0.0006005727336741984,-0.003889821469783783,0.006313410587608814,-0.0001318215945502743,0.04048057645559311,0.1946403831243515,0.03254834562540054,-0.00011793877638410777,0.041302818804979324,0.15267376601696014,-0.0005750905256718397,0.24571627378463745,-0.002761972602456808,0.010655105113983154,0.0003075999266002327,0.18141642212867737,0.14926829934120178,-0.0019232967169955373,0.0010589887388050556,0.029331019148230553,0.02787351794540882,0.060182709246873856,0.07523930072784424,-0.0017253744881600142,0.001154387486167252,-0.0017246599309146404,0.004273097962141037,0.002227592281997204,0.002707600826397538,0.3704325556755066,0.37087056040763855,0.1301044225692749,0.12198714166879654,-0.001280787866562605,-0.0021272432059049606,0.19158746302127838,0.201778843998909,0.20209763944149017,-0.0006066096248105168,0.07156877964735031,0.06840944290161133,0.002769055077806115,0.007109491154551506,-9.39611709327437e-05,-1.7625367263462977e-06,-4.2193700977577464e-08,-6.395866307684628e-07,0.02485066093504429,-0.06821832060813904,0.003752827877178788,0.019067374989390373,-0.06825383752584457,-0.004730460233986378,4.902672290802002,1.7547823190689087,3.739222526550293,2.7361130714416504,60.22351837158203,15.349044799804688,14.934459686279297
13.0,68.0,0.026072559878230095,-0.0006468964857049286,0.029377968981862068,-0.0002571277436800301,-0.0002963351143989712,0.04106790944933891,0.22148478031158447,0.02670394629240036,-0.0008627892239019275,-0.003790805349126458,0.003138997359201312,-0.0004762810131069273,0.04119069501757622,0.22204895317554474,0.039415884763002396,-0.00017219030996784568,0.04143526405096054,0.18956224620342255,-0.0005706809461116791,0.20424491167068481,-0.00335518061183393,0.011628563515841961,0.00011629335494944826,0.18654367327690125,0.15967650711536407,-0.0017765063093975186,0.0022875142749398947,0.030066508799791336,0.028361083939671516,0.06239042803645134,0.07807173579931259,-0.0018357837107032537,0.0008201734162867069,-0.0016978816129267216,0.001453450764529407,0.0012639238266274333,0.0016220984980463982,0.4050450921058655,0.4094422459602356,0.13299089670181274,0.12578213214874268,-0.0035307463258504868,-0.004136180505156517,0.19672051072120667,0.19564878940582275,0.1958976536989212,-0.0006882446468807757,0.07431508600711823,0.07173360139131546,0.0031280694529414177,0.006882166489958763,-5.354740278562531e-05,-1.839351511989662e-06,-7.905411791853112e-08,-8.156483772836509e-07,0.023966876789927483,-0.07301898300647736,0.004923754371702671,0.016508987173438072,-0.0730564147233963,-0.004418006632477045,6.456187725067139,2.4713385105133057,4.5113630294799805,2.69704532623291,54.76847839355469,15.68962574005127,17.11545181274414
14.0,68.0,0.02188004180788994,-0.0012187553802505136,0.03147684037685394,-0.00033750772126950324,-0.00034470015089027584,0.040578894317150116,0.22196254134178162,0.021137384697794914,-0.0015024603344500065,-0.003744356567040086,0.00497154425829649,-0.0005683379713445902,0.040616873651742935,0.2224239856004715,0.04466212913393974,-0.0001977411302505061,0.041937947273254395,0.2016633003950119,-0.0006458006682805717,0.16812969744205475,-0.0027573793195188046,0.010443264618515968,0.0001665981108089909,0.19319316744804382,0.1724710464477539,-0.0018092304235324264,0.0009230338619090617,0.03221604973077774,0.030436299741268158,0.07096865773200989,0.08750048279762268,-0.0020990639459341764,0.0001830633555073291,-0.0019832421094179153,0.0010199144016951323,0.0010483876103535295,0.0014319157926365733,0.4043518304824829,0.40972834825515747,0.14417043328285217,0.1391432136297226,-0.0036795816849917173,-0.004176198039203882,0.20194339752197266,0.2040620744228363,0.20426219701766968,0.0002041639236267656,0.07525885850191116,0.07419947534799576,0.003720887703821063,0.006909534335136414,-5.810560833197087e-05,-1.9754272670979844e-06,-9.520282873154429e-08,-7.990081485331757e-07,0.026228029280900955,-0.07786955684423447,0.005606963764876127,0.017850175499916077,-0.0779087170958519,-0.004604964051395655,6.4215545654296875,2.1847286224365234,4.514449119567871,2.341118335723877,55.22876739501953,14.292275428771973,18.700910568237305
15.0,68.0,0.010014675557613373,-0.0011491550831124187,0.04754655063152313,-0.00041848645196296275,-0.0003539865429047495,0.03975985571742058,0.20407447218894958,0.008726956322789192,-0.0012959410669282079,-0.003445032751187682,0.016285741701722145,-0.0005451476317830384,0.03974207863211632,0.2043701708316803,0.03595869615674019,-0.00016258064715657383,0.03618050739169121,0.160585418343544,-0.0007824240601621568,0.14638006687164307,-0.001209908165037632,0.007900922559201717,-0.0002619958540890366,0.1704598069190979,0.15869049727916718,-0.0016446929657831788,0.0005774026503786445,0.028032641857862473,0.026492087170481682,0.054842509329319,0.0676509216427803,-0.0022227275185287,0.00048288676771335304,-0.0019491444109007716,0.0018033439991995692,0.0006789903272874653,0.0013486635871231556,0.31363725662231445,0.315853089094162,0.13329534232616425,0.13075323402881622,-0.0030194404534995556,-0.0032882746309041977,0.2102585732936859,0.22306475043296814,0.22316177189350128,0.0011181383160874248,0.07565450668334961,0.07618063688278198,0.003750110510736704,0.008645397610962391,-0.00013627589214593172,-1.8707389699557098e-06,-6.666238050456741e-08,-6.352357786454377e-07,0.03285841643810272,-0.08212193846702576,0.006437450181692839,0.026028472930192947,-0.08215894550085068,-0.004224059171974659,5.501224994659424,1.5742554664611816,4.150381565093994,2.453672409057617,58.55864715576172,13.181922912597656,17.86288070678711
16.0,68.0,0.0010314594255760312,-0.0014662600588053465,0.06917546689510345,-0.0003761015832424164,-0.0003214108292013407,0.04031693935394287,0.18060627579689026,0.00022918879403732717,-0.0014905848074704409,-0.0033334011677652597,0.03365276753902435,-0.0004124617262277752,0.040322426706552505,0.18085229396820068,0.02821812778711319,-0.00011951660417253152,0.030701007694005966,0.10517840087413788,-0.0011721630580723286,0.12377157062292099,-0.0015161293558776379,0.007939248345792294,-0.00019805546617135406,0.15282562375068665,0.1425054520368576,-0.0017312302952632308,-0.0003967747907154262,0.023414991796016693,0.022412879392504692,0.04005518928170204,0.04983527958393097,-0.002180536277592182,0.00020147433679085225,-0.0015239546773955226,0.0015329959569498897,0.0008187651401385665,0.0015371681656688452,0.2304457128047943,0.22721977531909943,0.10325217992067337,0.10179171711206436,-0.0025463392958045006,-0.0027594510465860367,0.2022167146205902,0.22855447232723236,0.22871750593185425,0.0010312619851902127,0.07788844406604767,0.07886897027492523,0.0042349230498075485,0.008502108044922352,-7.035901217022911e-05,-1.8678184687814792e-06,-2.9644713350762686e-08,-8.409638212469872e-07,0.043185487389564514,-0.09086761623620987,0.006629801355302334,0.03703881427645683,-0.0909024178981781,-0.005066515412181616,4.471832752227783,1.2750180959701538,4.336574077606201,2.694974660873413,59.477439880371094,14.917786598205566,15.93273639678955
17.0,68.0,0.0010861168848350644,-0.0019013930577784777,0.08048472553491592,-0.0003647825215011835,-0.00021499743161257356,0.04233599826693535,0.1639782190322876,9.899080032482743e-05,-0.0017695011338219047,-0.003157785627990961,0.04132360592484474,-0.00017355437739752233,0.042364224791526794,0.16426892578601837,0.02524777688086033,-0.0001231345668202266,0.024766191840171814,0.05705155059695244,-0.00018329305748920888,0.07527346909046173,-0.0021177809685468674,0.01010348554700613,0.00020396747277118266,0.17223024368286133,0.15957669913768768,-0.002132880035787821,-0.0010501689976081252,0.022570200264453888,0.021700909361243248,0.026288894936442375,0.03213759884238243,0.0007230199407786131,0.0006389721529558301,0.0008282307535409927,-5.6956148910103366e-05,0.0010148223955184221,0.001986258663237095,0.15461522340774536,0.14738552272319794,0.06607311964035034,0.0663973018527031,-0.001528069726191461,-0.00191792834084481,0.20161472260951996,0.22800317406654358,0.22824238240718842,0.0007514237659052014,0.08812076598405838,0.09051232039928436,0.0139676034450531,0.017395447939634323,-5.84697954764124e-05,-2.006860086112283e-06,-1.1148713241482255e-07,1.908569231545698e-07,0.04777734726667404,-0.0965336263179779,0.0067828623577952385,0.04361595958471298,-0.09656927734613419,-0.00544962240383029,3.384415626525879,0.9011967182159424,2.718356132507324,2.8886446952819824,61.18138885498047,17.33866310119629,14.6834135055542
18.0,68.0,-0.0001678289263509214,-0.0013254459481686354,0.06905166804790497,-0.0003829770430456847,0.0004944963147863746,0.04552603140473366,0.15908433496952057,-0.002209232421591878,-0.001236218842677772,-0.002947059227153659,0.03471304103732109,0.0004984831903129816,0.045464348047971725,0.159644216299057,0.023509865626692772,-0.00015092341345734894,0.016863038763403893,0.027645977213978767,0.0012148739770054817,0.027549490332603455,-0.0018990951357409358,0.016885695978999138,0.0002288642863277346,0.20665068924427032,0.18211281299591064,-0.002684713574126363,-0.0015684312675148249,0.023744001984596252,0.022088810801506042,0.01717497780919075,0.015658823773264885,0.006655075587332249,0.0006866995245218277,0.006890128366649151,0.0010472587309777737,0.0022868001833558083,0.003449928481131792,0.11958613991737366,0.1077675074338913,0.043234989047050476,0.04127919301390648,0.00713449576869607,0.006241180934011936,0.16639237105846405,0.19307735562324524,0.19341637194156647,0.0010225143050774932,0.09984531253576279,0.09971659630537033,0.024040091782808304,0.022687630727887154,-8.661154424771667e-05,-2.2360843558999477e-06,-1.7881362168736814e-07,2.2470156579856848e-07,0.04014422744512558,-0.10507090389728546,0.006571441423147917,0.03769730031490326,-0.10510390251874924,-0.0065088337287306786,2.219938039779663,0.6883818507194519,2.936405658721924,3.90266489982605,59.53495788574219,18.99208641052246,14.917755126953125
19.0,68.0,-0.0005973686347715557,-0.0010273195803165436,0.06704065948724747,-0.0004089412104804069,-0.0001598655217094347,0.04876448214054108,0.1610715240240097,-0.0022704200819134712,-0.0009096432477235794,-0.0022060645278543234,0.036764636635780334,-0.00015354331117123365,0.048701491206884384,0.16168729960918427,0.022307293489575386,-0.0001602219563210383,0.01249177847057581,0.016836054623126984,0.003628762671723962,-0.0015116104623302817,-0.0014949946198612452,0.016937291249632835,9.067384235095233e-05,0.22298374772071838,0.19691024720668793,-0.0024770963937044144,-0.0015594854485243559,0.02291117236018181,0.021035075187683105,0.015209339559078217,0.007275773212313652,0.004715612158179283,-0.0005492963828146458,0.0020960066467523575,-0.00043341759010218084,0.0027068937197327614,0.00385702820494771,0.11379514634609222,0.10219411551952362,0.02612059749662876,0.023577922955155373,0.014867858029901981,0.013812434859573841,0.15148787200450897,0.16722162067890167,0.1675073206424713,0.0006076933932490647,0.10398232191801071,0.10437627136707306,0.023249372839927673,0.021324047818779945,-0.00017257784202229232,-2.0805446183658205e-06,-1.7372506988522218e-07,2.2597969007165375e-07,0.03689594566822052,-0.10599998384714127,0.006184211000800133,0.036052681505680084,-0.1060311496257782,-0.0068386876955628395,1.7260496616363525,0.5998538732528687,4.453920364379883,5.019696235656738,58.78739929199219,17.5805606842041,14.820769309997559
20.0,68.0,0.0011698805028572679,-0.0008739031618461013,0.06656134873628616,-0.0005020714597776532,-0.0002379461220698431,0.05094855651259422,0.18208740651607513,-0.00025902330526150763,-0.0006588480900973082,-0.0017390769207850099,0.03915831819176674,-0.00019841548055410385,0.050911907106637955,0.1827523559331894,0.022614913061261177,-0.00014969561016187072,0.012831798754632473,0.03734205290675163,0.004253671038895845,-0.00042761184158734977,-0.000512624392285943,0.016379430890083313,2.472784399287775e-05,0.2187180072069168,0.1926622986793518,-0.0018905106699094176,-0.0010552490130066872,0.025735363364219666,0.02409287542104721,0.013228733092546463,0.0043666185811161995,0.0007901567732915282,0.0008815952460281551,0.000810347031801939,-0.000917855475563556,0.0026286018546670675,0.00368795869871974,0.14603200554847717,0.1378094106912613,0.018822714686393738,0.016759417951107025,0.01615782082080841,0.015133220702409744,0.13439665734767914,0.14498330652713776,0.14525316655635834,0.0009955341229215264,0.09464504569768906,0.09494812041521072,0.009811474941670895,0.007282111793756485,-0.00014061904221307486,-2.0889572169835446e-06,-1.8731556394868676e-07,8.289215998047439e-07,0.03644479438662529,-0.10941270738840103,0.006310260854661465,0.03501838818192482,-0.10944527387619019,-0.007213524542748928,2.126662492752075,0.701115071773529,6.099242210388184,5.892509460449219,52.40801239013672,17.396034240722656,18.429277420043945
21.0,68.0,0.0032333338167518377,0.0005112071521580219,0.07870059460401535,-0.0008193628746084869,-4.7063138481462374e-05,0.05576000362634659,0.20523101091384888,0.0021401303820312023,0.000531150319147855,-0.0005160170840099454,0.05098327621817589,9.947124635800719e-05,0.05577191337943077,0.2058899998664856,0.020709486678242683,-9.867982589639723e-05,0.012591911479830742,0.0616050660610199,0.006087535992264748,0.0026784357614815235,0.00022895097208674997,0.015058069489896297,-4.836429070564918e-05,0.19887691736221313,0.17399895191192627,-0.0011982684955000877,-0.0007684407173655927,0.028255974873900414,0.026889292523264885,0.01584835723042488,0.009553838521242142,-0.0007554995245300233,0.0016542227240279317,0.000250635901466012,-0.0007420064648613334,0.0029567182064056396,0.0039277877658605576,0.168174609541893,0.1606493592262268,0.012570861726999283,0.011421752162277699,0.02408077009022236,0.023038847371935844,0.10656202584505081,0.09987393021583557,0.09995882213115692,0.0009502940811216831,0.08149343729019165,0.08339894562959671,0.0016524994280189276,-0.0007365622441284359,-0.00010724384628701955,-1.9661458736663917e-06,-1.6852008855039458e-07,3.924267275579041e-07,0.04168052226305008,-0.11420303583145142,0.004572045058012009,0.04078531637787819,-0.11423665285110474,-0.009358995594084263,2.276008129119873,0.7212228775024414,5.671197891235352,6.297150135040283,50.19544219970703,16.697635650634766,21.111652374267578
22.0,68.0,0.0027596079744398594,0.0008791001164354384,0.081203393638134,-0.0008253830601461232,-0.00013179054076317698,0.05530214682221413,0.21059323847293854,0.00199963990598917,0.0009275691700167954,0.0005174964899197221,0.05280930548906326,-1.033481203194242e-05,0.055298350751399994,0.2110671103000641,0.01535914558917284,-0.00011748675024136901,0.013597261160612106,0.07084983587265015,0.0037344153970479965,0.01812589354813099,0.0007130641024559736,0.010672284290194511,-0.0002614785626064986,0.18564307689666748,0.16181647777557373,-0.0006334031349979341,-0.000381541030947119,0.02879348210990429,0.02794770523905754,0.010565396398305893,0.008217504248023033,-0.0009644150268286467,0.0020491883624345064,-0.0003202469670213759,-0.0002533057704567909,0.003204722423106432,0.004225945100188255,0.18233560025691986,0.1740262806415558,0.014433830045163631,0.013594848103821278,0.03187863528728485,0.03115677274763584,0.07480981200933456,0.058367643505334854,0.058341994881629944,0.0011212810641154647,0.07017552852630615,0.07311323285102844,0.0007396551081910729,-0.0006659589125774801,-1.890049134090077e-05,-1.52869654357346e-06,-1.5532012298535847e-07,-2.2330782201152033e-07,0.0409349724650383,-0.11320587247610092,0.004730693530291319,0.040968332439661026,-0.11323969811201096,-0.009082097560167313,2.626272201538086,0.6766348481178284,4.587428569793701,3.7129929065704346,59.13080596923828,14.93134880065918,16.887929916381836
23.0,68.0,-0.0007094849715940654,-0.0004605056019499898,0.07752703875303268,-0.0005698789609596133,-0.00027551045059226453,0.057220134884119034,0.19699518382549286,-0.001150134252384305,-0.00032675714464858174,-0.0006516528083011508,0.048933811485767365,-0.00021434064547065645,0.05719590559601784,0.19722133874893188,0.01460849866271019,-0.0001135138954850845,0.016667691990733147,0.07990440726280212,0.0007907577091827989,0.027881504967808723,-0.0010523581877350807,0.006130093242973089,-0.00020165008027106524,0.18349839746952057,0.16140764951705933,-0.0015138292219489813,-0.001433941419236362,0.02952718175947666,0.029106847941875458,0.006904367823153734,0.008303814567625523,-0.0013540935469791293,0.0022782674059271812,-0.0011219404404982924,0.0004312556702643633,0.0038801003247499466,0.00485485652461648,0.20815397799015045,0.1999521255493164,0.02097950130701065,0.021803833544254303,0.0375564806163311,0.03701750189065933,0.045237984508275986,0.025595925748348236,0.02542145550251007,0.001590651459991932,0.0656641274690628,0.06966964900493622,-0.00015278909995686263,0.00025666345027275383,-2.4640821720822714e-05,-1.3747949196840636e-06,-8.02416266765249e-08,-8.749174753575062e-07,0.03842243179678917,-0.11381883919239044,0.005102061200886965,0.038788214325904846,-0.11385144293308258,-0.008586438372731209,2.705214500427246,0.6515154838562012,4.065442085266113,3.4390053749084473,58.68871307373047,14.636578559875488,18.043554306030273
24.0,68.0,-0.0010665549198165536,-0.0006393733783625066,0.0763481929898262,-0.0003472281387075782,-0.0002673356793820858,0.06137150898575783,0.21138018369674683,-0.0014256483409553766,-0.0004911800497211516,-0.0019759696442633867,0.046984121203422546,-0.00022079523478168994,0.06136465445160866,0.2116062194108963,0.01885220967233181,-9.794650395633653e-05,0.02133205346763134,0.11766502261161804,0.0018538938602432609,0.04972335323691368,-0.0013702246360480785,0.00605143653228879,0.00022746004106011242,0.18396839499473572,0.15928895771503448,-0.001794382929801941,-0.001184341381303966,0.030669502913951874,0.030077025294303894,0.015215326100587845,0.01899603381752968,-0.0014833689201623201,0.002664459403604269,-0.0016517962794750929,0.0009783515706658363,0.004616361577063799,0.0055789523757994175,0.27149349451065063,0.2627989649772644,0.037363216280937195,0.038412999361753464,0.04361115023493767,0.043060801923274994,0.02496865950524807,0.0028834117110818624,0.002728568622842431,0.0019817978609353304,0.06528027355670929,0.06864941865205765,-7.852660928620026e-06,0.0003748074814211577,5.541287828236818e-05,-1.4822567209193949e-06,-1.2175739527719998e-07,-2.7264732693765836e-07,0.03979770094156265,-0.11676794290542603,0.005756699480116367,0.03964696452021599,-0.11680028587579727,-0.00816422887146473,3.0361742973327637,0.5748526453971863,4.589869022369385,3.336522102355957,55.46137237548828,13.039860725402832,22.326711654663086
25.0,68.0,-0.0013759746216237545,-0.0002233894047094509,0.07175931334495544,-0.0002811360463965684,-0.0002455400535836816,0.06342706084251404,0.24412836134433746,-0.0018364125862717628,-4.943885505781509e-05,-0.0023417025804519653,0.04308711364865303,-0.00021358784579206258,0.06343016028404236,0.24436724185943604,0.02657870575785637,-0.00010252626816509292,0.02722793072462082,0.16601142287254333,0.0026533445343375206,0.07760486006736755,-0.002061269013211131,0.006174437236040831,0.00042190405656583607,0.18079784512519836,0.1562083214521408,-0.0018303614342585206,-0.0011245978530496359,0.0335129089653492,0.03237467631697655,0.0325252041220665,0.03634949028491974,-0.0016348325880244374,0.003149457974359393,-0.0022255084477365017,0.0009401744464412332,0.004451543092727661,0.00556661793962121,0.3467226028442383,0.3381454050540924,0.05783581733703613,0.060377221554517746,0.04399389401078224,0.04332999885082245,0.02015104331076145,0.0001788533409126103,2.6251338567817584e-05,0.0019331376533955336,0.06408783793449402,0.06620341539382935,-0.00017584535817150027,2.2331858417601325e-05,4.643196371034719e-05,-1.4256200984164025e-06,-1.2097045498649095e-07,6.292840026844715e-08,0.039084263145923615,-0.11800955981016159,0.006206514313817024,0.038017887622117996,-0.11804135143756866,-0.007890299893915653,3.2388134002685547,0.5000188946723938,5.009148597717285,3.014399290084839,55.13633728027344,11.986607551574707,23.38489532470703
26.0,68.0,-0.0016176761128008366,-8.41421297081979e-06,0.06317488849163055,-0.0002697457966860384,-0.00034452788531780243,0.06377067416906357,0.2874104380607605,-0.0017944365972653031,0.00018367923621553928,-0.002161683514714241,0.03541606664657593,-0.0003223686944693327,0.06383353471755981,0.2877051532268524,0.030156929045915604,-0.00014171592192724347,0.02922983653843403,0.19774776697158813,0.005291180685162544,0.0941176787018776,-0.001977125182747841,0.007372409570962191,0.000551890057977289,0.17793205380439758,0.1567750722169876,-0.0018782818224281073,-0.0001606214646017179,0.03452371805906296,0.032796140760183334,0.03914811834692955,0.03992842510342598,-0.0019285059534013271,0.0035827169194817543,-0.002104426734149456,9.15426790015772e-06,0.003540807170793414,0.004977097734808922,0.38269850611686707,0.37378937005996704,0.060996703803539276,0.06538043171167374,0.051628246903419495,0.05093042925000191,0.02192782238125801,-0.0006334459176287055,-0.0008172699599526823,0.0009881136938929558,0.06147163733839989,0.06392356008291245,-0.0003821650461759418,-0.00012273452011868358,-4.171711771050468e-05,-1.5750460988783743e-06,-1.1583340153720201e-07,1.1689935774938931e-07,0.03477003425359726,-0.11871033906936646,0.006245417986065149,0.034067876636981964,-0.11873993277549744,-0.007895219139754772,4.167376518249512,0.6029760837554932,7.087584018707275,2.995741605758667,51.988250732421875,10.430397033691406,24.798709869384766
27.0,68.0,-0.0014849056024104357,0.0001874964073067531,0.04749040678143501,-0.0002754928427748382,-0.00037146860267966986,0.06361870467662811,0.3104359805583954,-0.0012840110575780272,0.00040557823376730084,-0.0025039399042725563,0.02407608926296234,-0.0003436934493947774,0.06368868798017502,0.3107331097126007,0.0342162624001503,-0.00018249949789606035,0.030073678120970726,0.2191266119480133,-0.00011579362762859091,0.10690028220415115,-0.002319879597052932,0.007447210140526295,0.0001861322671175003,0.1675100326538086,0.1506766825914383,-0.0020126786548644304,-0.0005881193792447448,0.03510648384690285,0.03293028101325035,0.03704074025154114,0.035657767206430435,-0.0023669463116675615,0.003262891201302409,-0.0016365720657631755,-0.0010418806923553348,0.0026363295037299395,0.004057676065713167,0.40105366706848145,0.3929530680179596,0.06030113995075226,0.06549694389104843,0.057816457003355026,0.057153843343257904,0.013540782034397125,-0.0016290855128318071,-0.0019125208491459489,4.127445208723657e-05,0.05627434328198433,0.05909992754459381,-0.0005021098768338561,-0.00010445437510497868,-0.00014515200746245682,-1.9238004824728705e-06,-1.2819273820241506e-07,3.7846103850824875e-07,0.02720745839178562,-0.1211124137043953,0.0054537393152713776,0.025914160534739494,-0.12114112079143524,-0.008995676413178444,6.096477031707764,0.7997186779975891,9.013070106506348,3.506575345993042,47.87701416015625,7.975724220275879,26.7092227935791
28.0,68.0,-0.0011939730029553175,0.0002219162997789681,0.036167245358228683,-0.00044658168917521834,-0.00025442143669351935,0.06285779178142548,0.3226921856403351,-0.0014975458616390824,0.0003095554420724511,-0.0024931086227297783,0.013508809730410576,-0.00023131158377509564,0.06289134174585342,0.322974294424057,0.03709367290139198,-0.00014539934636559337,0.030265681445598602,0.23753753304481506,-0.0007017318857833743,0.11891525983810425,-0.00252699782140553,0.005859928671270609,4.626645750249736e-05,0.1468755006790161,0.1339704841375351,-0.002076954348012805,-0.0011694157728925347,0.03706861659884453,0.03461809456348419,0.04797036945819855,0.04419931769371033,-0.002227022545412183,0.004161536227911711,-0.001429711701348424,-0.0011223632609471679,0.002277847146615386,0.003946113400161266,0.4101531505584717,0.40428587794303894,0.06421089917421341,0.07100386917591095,0.053160425275564194,0.05250956863164902,0.013858840800821781,-0.0010141025995835662,-0.0013609572779387236,0.0008224367629736662,0.05247515067458153,0.055451832711696625,-0.000316363904858008,0.0005345431854948401,-8.38759369798936e-05,-1.7550888742334791e-06,-1.1100550523224229e-07,2.1823693430178537e-07,0.020354337990283966,-0.12160792201757431,0.00415585795417428,0.020112676545977592,-0.12163810431957245,-0.010429227724671364,4.8729987144470215,0.7580264806747437,6.933778762817383,2.8711302280426025,56.22272491455078,8.3154296875,22.087478637695312
29.0,68.0,-0.0013322890736162663,5.301523196976632e-05,0.027269193902611732,-0.00044585525756701827,-8.63646564539522e-05,0.06145824119448662,0.3350861072540283,-0.0016921216156333685,0.00021916501282248646,-0.002947375876829028,0.006728320848196745,-3.730770185939036e-05,0.061435285955667496,0.33540403842926025,0.04074022173881531,-0.0001302670716540888,0.0328269861638546,0.22189466655254364,-0.0008572688675485551,0.1130749061703682,-0.002480976516380906,0.0055143143981695175,0.0001441917847841978,0.13850675523281097,0.12515054643154144,-0.0016492009162902832,-0.0009733278420753777,0.03970569744706154,0.03737773001194,0.059590745717287064,0.05278204753994942,-0.0018481060396879911,0.004970384296029806,-0.0012664998648688197,-0.0011934301583096385,0.001953190192580223,0.00347675709053874,0.39846354722976685,0.39486560225486755,0.06485141068696976,0.07238693535327911,0.03663041442632675,0.036036454141139984,0.006806585937738419,-0.004241708666086197,-0.004492199048399925,0.0006197394686751068,0.05186803266406059,0.053554657846689224,-0.0013672950444743037,-0.00021424732403829694,5.531269562197849e-05,-1.893247258522024e-06,-1.2073553534719395e-07,3.596653073145717e-07,0.016275780275464058,-0.12099204212427139,0.00368122523650527,0.01524268463253975,-0.12102195620536804,-0.010845036245882511,4.74009370803833,0.8231465816497803,6.572828769683838,2.5489754676818848,55.877037048339844,9.681855201721191,21.92624855041504
30.0,68.0,-0.0016258801333606243,-9.353828500024974e-05,0.02148028090596199,-0.0005275635630823672,-0.00020216991833876818,0.06236829608678818,0.33732903003692627,-0.0019424563506618142,0.00010086767724715173,-0.0022784245666116476,0.002228654222562909,-0.00016907003009691834,0.06232148036360741,0.33763188123703003,0.04078544303774834,-0.00013879462494514883,0.03381495550274849,0.2030782699584961,-0.0007971112499944866,0.11313815414905548,-0.002723322482779622,0.005028687883168459,0.0002286640228703618,0.13701201975345612,0.1251557171344757,-0.0013152295723557472,-0.0006413359078578651,0.03903442993760109,0.0368742011487484,0.06316620111465454,0.05463661253452301,-0.001863081124611199,0.004988819360733032,-0.0015456475084647536,-0.0010053686564788222,0.0018697693012654781,0.0034883704502135515,0.38283780217170715,0.37950190901756287,0.06309206783771515,0.07085931301116943,0.023354902863502502,0.022795304656028748,0.0065921093337237835,-0.004406918305903673,-0.004633598029613495,0.0005396670312620699,0.05163155868649483,0.05365660786628723,-0.001926948083564639,-0.000540815235581249,2.558189044066239e-05,-1.5773729273860226e-06,-8.216612457090378e-08,1.326306460214255e-07,0.012559229508042336,-0.11893615126609802,0.0036491656210273504,0.010968126356601715,-0.11896593868732452,-0.010724980384111404,5.383713245391846,1.002971887588501,6.110888957977295,2.599900722503662,53.48448944091797,8.952370643615723,24.759302139282227
31.0,68.0,-0.0015057148411870003,-0.00044275354593992233,0.01832585781812668,-0.0006053163670003414,-0.00012229463027324528,0.060873884707689285,0.3406769633293152,-0.0018200045451521873,-0.0003570336848497391,-2.778651105472818e-05,0.00019612780306488276,-0.00010982360981870443,0.06082687899470329,0.3410051465034485,0.039488617330789566,-0.0001275066169910133,0.03230049088597298,0.1675131469964981,-0.0010543357348069549,0.10636331886053085,-0.0031593041494488716,0.004457233473658562,0.00023197643167804927,0.13199976086616516,0.12085840851068497,-0.0013329967623576522,-0.000726708269212395,0.038743071258068085,0.036596499383449554,0.061129651963710785,0.051714375615119934,-0.002052478725090623,0.004460679367184639,-0.0016976072220131755,-0.0005636927671730518,0.0014907489530742168,0.0032044011168181896,0.32998916506767273,0.3265933692455292,0.05726083740592003,0.0641816258430481,0.010378697887063026,0.009966328740119934,0.010810170322656631,-0.004443477373570204,-0.004665362648665905,0.00041106174467131495,0.050880249589681625,0.053793516010046005,-0.0016540840733796358,-0.0006233438034541905,-2.2918899048818275e-05,-1.5750732700325898e-06,-1.0606549949443433e-07,6.100970750821944e-08,0.010099582374095917,-0.11832308769226074,0.0034454851411283016,0.009105023927986622,-0.1183537095785141,-0.010902870446443558,4.916019439697266,0.9587712287902832,6.181088924407959,2.3298592567443848,53.323829650878906,11.707736015319824,22.81951332092285
32.0,68.0,-0.0011361922370269895,-0.0006135858129709959,0.013087159022688866,-0.0008062483393587172,-4.958799036103301e-05,0.05990588292479515,0.3388037085533142,-0.0020079403184354305,-0.0005411768797785044,0.003274167887866497,-0.0003220717189833522,6.63105402054498e-06,0.059855613857507706,0.3391084671020508,0.029064150527119637,-0.0001648864126764238,0.025944354012608528,0.10579624772071838,0.004379594698548317,0.07775019854307175,-0.0032636045943945646,0.0052168057300150394,0.00034333986695855856,0.12578488886356354,0.11545553058385849,-0.001664243289269507,-0.0009307164582423866,0.03534919396042824,0.03366241604089737,0.05202452838420868,0.04247578978538513,-0.002043765736743808,0.004053752403706312,-0.0012917030835524201,6.0770922573283315e-05,0.0011218672152608633,0.0030186939984560013,0.22789204120635986,0.2227582484483719,0.03372567519545555,0.03923412412405014,0.009327517822384834,0.008919352665543556,0.010833182372152805,-0.004521454684436321,-0.004679567646235228,0.0005459260428324342,0.04947943240404129,0.054589804261922836,-0.0009982493938878179,-0.00053336878772825,-0.00014652505342382938,-1.3587601870312938e-06,-1.1167229985176164e-07,-2.4032485157476913e-07,0.005689611658453941,-0.11998877674341202,0.0026998145040124655,0.006314702797681093,-0.12001898884773254,-0.011697269976139069,4.14372444152832,0.9278577566146851,6.062718868255615,2.1213300228118896,54.990814208984375,14.02720832824707,19.8842830657959
33.0,68.0,-0.0012924756156280637,-0.0003316254587844014,0.015665071085095406,-0.0005327774561010301,-0.00021386882872320712,0.05803435668349266,0.3275683522224426,-0.0021159988828003407,-0.00021823889983352274,0.004610604140907526,0.0003859426360577345,-0.0001601892290636897,0.05798441916704178,0.32772648334503174,0.021616213023662567,-0.00016032878193072975,0.02376963198184967,0.06208525598049164,0.0027300138026475906,0.07087545841932297,-0.0030358952935785055,0.005167297087609768,-2.686671905394178e-05,0.1105203628540039,0.10072548687458038,-0.0009004182647913694,-0.0005499459221027792,0.030727460980415344,0.029338331893086433,0.044330667704343796,0.03402465954422951,-0.0011943178251385689,0.003713567741215229,-0.001071638660505414,-0.00015862796863075346,0.000469375925604254,0.0023725854698568583,0.17113833129405975,0.16562944650650024,0.029372693970799446,0.033216871321201324,0.010917527601122856,0.010543975979089737,0.010810676030814648,-0.0040264856070280075,-0.004265080206096172,5.961576971458271e-05,0.046623844653367996,0.05297640711069107,0.0008560331771150231,0.0012094489065930247,-9.81798002612777e-05,-1.3892108654545154e-06,-1.2990668096790614e-07,-2.695815055631101e-07,0.00564139848574996,-0.1200767308473587,0.0028778892010450363,0.0072161429561674595,-0.12010428309440613,-0.011581351980566978,3.929133415222168,0.9816931486129761,5.840656280517578,2.165316104888916,56.82295227050781,14.76181697845459,17.79582977294922
34.0,68.0,-0.001115719205699861,-0.0005761075881309807,0.013931142166256905,-0.0006404201849363744,-0.000313230964820832,0.055750083178281784,0.28264138102531433,-0.0015454870881512761,-0.00046169108827598393,0.007128214929252863,-0.00032327036024071276,-0.00024897779803723097,0.05568629875779152,0.2827216386795044,0.015761420130729675,-0.00018813236965797842,0.021890658885240555,0.0363120511174202,6.907360511831939e-05,0.07165282964706421,-0.002887423150241375,0.0044039832428097725,-9.365839650854468e-05,0.10706989467144012,0.096938855946064,-0.0009917039424180984,-0.0008609617361798882,0.02599109150469303,0.024918515235185623,0.03196538984775543,0.02330571599304676,-0.0013525551185011864,0.0030204863287508488,-0.0010521025396883488,-0.00028534416924230754,2.639747253851965e-05,0.001920822891406715,0.14381173253059387,0.13710007071495056,0.03066234663128853,0.034084539860486984,0.008012792095541954,0.00771283870562911,0.00914447195827961,-0.003328886115923524,-0.003551940666511655,0.00020113924983888865,0.04749331995844841,0.05394792556762695,0.002611966338008642,0.002637883648276329,-0.00011802078370237723,-1.3937527683083317e-06,-7.70783969983313e-08,-1.025491883410723e-06,0.002551942365244031,-0.11605896055698395,0.0021846110466867685,0.005414186045527458,-0.11608478426933289,-0.011708933860063553,4.142756938934326,1.1959779262542725,8.81525993347168,2.375244140625,55.931480407714844,13.695387840270996,16.108427047729492
35.0,68.0,-0.0008126510656438768,-0.0006538315210491419,0.013846789486706257,-0.0005669965757988393,-0.000289469346171245,0.05269329622387886,0.24065342545509338,-0.0008402258390560746,-0.0006392026552930474,0.009447071701288223,-0.0007674047956243157,-0.0002623257169034332,0.05262483283877373,0.2407178282737732,0.011661418713629246,-0.0001857864117482677,0.021134085953235626,0.023497439920902252,0.0006608210387639701,0.06624013185501099,-0.0023359826300293207,0.003428674302995205,-0.00013748783385381103,0.11447999626398087,0.10212357342243195,-0.0011099139228463173,-0.0007549948059022427,0.022481655701994896,0.021421635523438454,0.023533251136541367,0.017285170033574104,-0.0010903828078880906,0.0025676009245216846,-0.0010605711722746491,-0.00023848924320191145,0.00021796644432470202,0.0020267642103135586,0.11752548813819885,0.10953062027692795,0.029825199395418167,0.03241036459803581,0.0032822159118950367,0.0029738012235611677,0.005663783755153418,-0.001860190648585558,-0.002127034356817603,0.0001940782240126282,0.048318807035684586,0.05491511896252632,0.0004422673082444817,0.00028146422118879855,-0.00016823476471472532,-1.3687333648704225e-06,-7.64294583177616e-08,-1.1243806739003048e-06,0.0012048939242959023,-0.10855316370725632,0.0020981428679078817,0.004407848231494427,-0.10857879370450974,-0.010944526642560959,3.5214195251464844,1.0545486211776733,5.8416852951049805,2.1834754943847656,59.08555603027344,15.7435884475708,14.775721549987793
36.0,68.0,0.0006603024667128921,-0.0008354737074114382,0.011837324127554893,-0.0005353654851205647,-0.00023330544354394078,0.05107502639293671,0.19780878722667694,0.000585736648645252,-0.0008494186913594604,0.013454203493893147,-0.0007541254744865,-0.000175282169948332,0.051030706614255905,0.1978408694267273,0.009395480155944824,-0.0002158333227271214,0.019370747730135918,0.013211753219366074,0.002576124854385853,0.05839371308684349,-0.0014777673641219735,0.0021999694872647524,3.2854080927791074e-05,0.12731093168258667,0.1139487773180008,-0.001137609244324267,-0.0006319386302493513,0.018687956035137177,0.01811537705361843,0.01467188075184822,0.012036916799843311,-0.000855909485835582,0.0024704302195459604,-0.00046251967432908714,-0.0002413537004031241,0.0009287059074267745,0.0026329958345741034,0.08580755442380905,0.07828527688980103,0.028242304921150208,0.029498737305402756,0.0037668338045477867,0.0034510556142777205,0.007034423295408487,0.001298713032156229,0.0010411575203761458,-1.1192016245331615e-05,0.053174182772636414,0.06014580279588699,0.012218807823956013,0.008371722884476185,-0.00026477890787646174,-1.2703567335847765e-06,-7.996058570824971e-08,-7.989344794623321e-07,-0.001739277271553874,-0.09951125830411911,0.0015491916565224528,0.0022346109617501497,-0.0995374321937561,-0.010436415672302246,2.8707752227783203,0.9780809879302979,3.79563045501709,1.9916141033172607,61.170806884765625,17.0347843170166,14.240883827209473
37.0,68.0,0.010290869511663914,5.3600546380039304e-05,0.01090947538614273,-0.0005369069403968751,-0.00017926638247445226,0.04836311191320419,0.15611353516578674,0.010628619231283665,-0.00012045211769873276,0.021546602249145508,-0.0002627162029966712,-0.00012543272168841213,0.04835164546966553,0.15616804361343384,0.008114886470139027,-0.00020367413526400924,0.017181826755404472,0.003609715960919857,0.001002936507575214,0.051616061478853226,-0.0009981722105294466,0.0015916879056021571,0.00011690413521137089,0.15199407935142517,0.13782216608524323,-0.001610034378245473,-0.0006442690500989556,0.01635795086622238,0.01592639833688736,0.005426813382655382,0.004517665132880211,-0.0006873416132293642,0.003023435128852725,0.0013469968689605594,0.0010295809479430318,0.002085320185869932,0.0036574003752321005,0.0651184692978859,0.05778048560023308,0.03223550692200661,0.03252723067998886,0.005421034060418606,0.005045677535235882,0.0088776471093297,0.009658503346145153,0.00942491926252842,-0.0005265724030323327,0.06218675523996353,0.06892263144254684,0.03175605833530426,0.02535560540854931,-0.0003238522622268647,-1.6329131540260278e-06,-1.1743733097091535e-07,-4.989332751392794e-07,-0.006521965377032757,-0.08345703780651093,6.680782098555937e-05,-0.0016861377516761422,-0.08348103612661362,-0.009811061434447765,3.0489110946655273,1.2808979749679565,5.525901794433594,2.2126636505126953,55.01494598388672,20.18671417236328,14.562919616699219
38.0,68.0,0.024919554591178894,0.017202191054821014,0.00952465645968914,-0.000570504053030163,-0.0001526850974187255,0.04707314074039459,0.12192392349243164,0.025002190843224525,0.01683751866221428,0.029860306531190872,5.3404768550535664e-05,-0.0001427211973350495,0.047047972679138184,0.12195981293916702,0.007196211721748114,-0.00018317670037504286,0.015268124639987946,0.0015685867983847857,0.00034915789728984237,0.04900794103741646,-0.0007283058948814869,0.0012590899132192135,9.388988110003993e-05,0.17247191071510315,0.15777160227298737,-0.0018585014622658491,-0.0009659312199801207,0.014739799313247204,0.014332450926303864,0.0004348666698206216,0.000844242749735713,-0.00024922064039856195,0.003647636156529188,0.004652520641684532,0.003131493693217635,0.003369657788425684,0.004872491583228111,0.058005191385746,0.051488157361745834,0.034892112016677856,0.03499630093574524,0.01369295921176672,0.01327558048069477,0.010916013270616531,0.013250664807856083,0.013016595505177975,-0.0005733825382776558,0.07143743336200714,0.07725293934345245,0.04604361206293106,0.03803008049726486,-0.00031297572422772646,-1.4698821360070724e-06,-1.0985286280629225e-07,-5.168187158233195e-07,-0.012036247178912163,-0.0633234903216362,-0.0015175166772678494,-0.006369703449308872,-0.06334426254034042,-0.008764504455029964,2.8778038024902344,1.0792498588562012,3.0169668197631836,2.1582508087158203,59.42816925048828,19.34130096435547,13.76291275024414
39.0,68.0,0.055462371557950974,0.05127740278840065,0.006681976839900017,-0.0006027609342709184,-0.0001656172244111076,0.04886004328727722,0.09499046206474304,0.055145759135484695,0.050691720098257065,0.040906257927417755,-0.0007997439242899418,-0.0001556116039864719,0.04881320148706436,0.09499352425336838,0.007601069752126932,-0.00013055943418294191,0.015370018780231476,0.0022864534985274076,-0.0002537010295782238,0.042616039514541626,0.00040812641964294016,0.0006004837341606617,0.0001605310826562345,0.18978534638881683,0.1732967048883438,-0.001648599631153047,-0.0010248174658045173,0.014540024101734161,0.014269301667809486,0.0002643416519276798,0.0008061577100306749,-0.0002567636256571859,0.004134781192988157,0.005978051573038101,0.0046587614342570305,0.004482464399188757,0.0058688814751803875,0.05844155326485634,0.05382908880710602,0.03669504076242447,0.03678702935576439,0.016820760443806648,0.016370903700590134,0.008197936229407787,0.009212207049131393,0.00902538187801838,-0.0005810916190966964,0.07895360141992569,0.0837397575378418,0.05337410420179367,0.046407949179410934,-0.0002652823750395328,-1.4470290352619486e-06,-1.0910393655194639e-07,-4.2566119873299613e-07,-0.020169591531157494,-0.04075469449162483,-0.003907759673893452,-0.014700476080179214,-0.04077310487627983,-0.008351610042154789,3.096683979034424,1.4690619707107544,4.282275676727295,2.4687488079071045,53.815940856933594,21.632539749145508,15.057637214660645
40.0,68.0,0.07219313830137253,0.06136118993163109,0.0011517249513417482,-0.0006535356515087187,-0.0002596960111986846,0.05118536576628685,0.0910276249051094,0.07149025052785873,0.060659829527139664,0.04481552541255951,-0.0012872741790488362,-0.000252363650361076,0.0511251799762249,0.09109163284301758,0.0077325827442109585,-0.00011184243339812383,0.014583922922611237,0.0035488763824105263,-0.0004502908850554377,0.035083308815956116,0.00047552227624692023,0.0012782622361555696,0.0002822321839630604,0.20585593581199646,0.1856807917356491,-0.001513963215984404,-0.0010879914043471217,0.014385947957634926,0.014097737148404121,-0.00037263621925376356,5.047138620284386e-05,-0.0005929719773121178,0.0038047805428504944,0.004527502227574587,0.00409027049317956,0.005672870669513941,0.0067711747251451015,0.05868995562195778,0.055412087589502335,0.03283588960766792,0.03206881880760193,0.021968159824609756,0.02151314727962017,0.01545447576791048,0.02173764444887638,0.021591167896986008,-0.00017977048992179334,0.08422055840492249,0.08787225931882858,0.05640992149710655,0.04915664345026016,-0.00013818404113408178,-1.3379785741562955e-06,-9.551592228262962e-08,-4.471464478683629e-07,-0.02478758990764618,-0.030457276850938797,-0.004819279536604881,-0.01965167745947838,-0.030475899577140808,-0.008049693889915943,3.271181583404541,1.970927357673645,5.009939193725586,2.9476349353790283,50.08056640625,22.732301712036133,15.725213050842285
41.0,68.0,0.06768348813056946,0.05066484957933426,-6.450570799643174e-05,-0.000748669495806098,-0.00025896719307638705,0.04916923865675926,0.09650006890296936,0.06658182293176651,0.050037164241075516,0.04527432471513748,-0.001156450598500669,-0.0002585038309916854,0.049051184207201004,0.09658242017030716,0.006942941341549158,-0.00012313650222495198,0.013216287828981876,0.0048814257606863976,-0.0002685241342987865,0.027045784518122673,-0.002003307454288006,0.0018616266315802932,0.000226103380555287,0.21428462862968445,0.19190731644630432,-0.0012973812408745289,-0.0012563348282128572,0.014154035598039627,0.013775884173810482,-0.0005963831208646297,-0.0007266085012815893,-0.0007299911230802536,0.003510876791551709,0.0010673548094928265,0.0035477138590067625,0.006349685601890087,0.00733625004068017,0.06119600310921669,0.05822059139609337,0.026577593758702278,0.025173936039209366,0.02740059420466423,0.026928553357720375,0.028445608913898468,0.04022998362779617,0.04010654613375664,0.0006609568954445422,0.08580254763364792,0.08837771415710449,0.054277561604976654,0.04895734414458275,-3.806621316471137e-05,-1.2858619129474391e-06,-7.709654425980261e-08,-5.85516033879685e-07,-0.025650717318058014,-0.03281693905591965,-0.004332028329372406,-0.0210588201880455,-0.032836753875017166,-0.007864433340728283,3.3988394737243652,1.8543795347213745,5.6200737953186035,3.3421380519866943,50.485206604003906,21.344463348388672,15.695929527282715
42.0,68.0,0.06677138805389404,0.046944018453359604,3.0123521355562843e-05,-0.0008079245453700423,-0.00021747758728452027,0.04758172109723091,0.09327539801597595,0.06611867994070053,0.04625407233834267,0.04879774525761604,-0.0012496684212237597,-0.00022918697504792362,0.04745573550462723,0.09334315359592438,0.006590468809008598,-0.00013480783673003316,0.013758703134953976,0.005398177541792393,4.788236765307374e-05,0.0317959263920784,-0.0023543781135231256,0.0011839037761092186,3.154190198983997e-05,0.20614951848983765,0.1829991489648819,-0.001045188051648438,-0.0013351098168641329,0.013298431411385536,0.012861423194408417,-0.0007986651617102325,-0.0011241306783631444,-0.0008023601258173585,0.0035185767337679863,0.00014768168330192566,0.004814388696104288,0.005940400529652834,0.007072829641401768,0.06620455533266068,0.06265739351511002,0.0265811737626791,0.024418815970420837,0.032395511865615845,0.031911857426166534,0.04893029108643532,0.058353349566459656,0.05820729210972786,0.0013480730121955276,0.08149808645248413,0.0826806128025055,0.04080900549888611,0.037760261446237564,-7.588793232571334e-05,-1.231271994583949e-06,-4.306384937535768e-08,-8.56573478813516e-07,-0.02755575440824032,-0.03569335862994194,-0.004566768184304237,-0.022975455969572067,-0.035711728036403656,-0.008395660668611526,3.365318775177002,1.5080921649932861,4.5175461769104,2.6655261516571045,54.695770263671875,21.049697875976562,13.965662002563477
43.0,68.0,0.06276816874742508,0.03891516104340553,2.3998101823963225e-05,-0.0007906574755907059,-0.0002794956089928746,0.047376688569784164,0.09056612104177475,0.06280519813299179,0.03822264075279236,0.048174310475587845,-0.0014194019604474306,-0.0002905028813984245,0.047272130846977234,0.090619757771492,0.005874430760741234,-8.29800555948168e-05,0.013919915072619915,0.005786436144262552,0.00022548304696101695,0.03638516366481781,-0.0026565080042928457,0.0006243491661734879,9.545488137518987e-05,0.19159451127052307,0.17007221281528473,-0.0011856368510052562,-0.0013065752573311329,0.013146186247467995,0.012865339405834675,-0.00100572663359344,-0.001254483126103878,-0.0009927510982379317,0.003156669670715928,-0.00041759415762498975,0.004979259800165892,0.005271883215755224,0.006683140527456999,0.07128314673900604,0.06632896512746811,0.022235682234168053,0.02006460353732109,0.03626212477684021,0.03571683540940285,0.05157843977212906,0.05705149471759796,0.05691807344555855,0.0019528965931385756,0.07183561474084854,0.07269266247749329,0.02063695713877678,0.01977315917611122,-9.67833329923451e-05,-1.330307327407354e-06,-4.315474200211611e-08,-5.579603339356254e-07,-0.027077307924628258,-0.04422537237405777,-0.0043844315223395824,-0.023218736052513123,-0.044244565069675446,-0.009262274019420147,4.153627395629883,1.6943949460983276,5.666724681854248,2.7438676357269287,51.55352783203125,22.7098331451416,13.357206344604492
44.0,68.0,0.04238690808415413,0.01316483411937952,0.0007961727096699178,-0.0008458496886305511,-0.00021591654513031244,0.04675222560763359,0.10474200546741486,0.043215151876211166,0.01256953738629818,0.040938444435596466,-0.0017023332184180617,-0.0002792089944705367,0.04670114070177078,0.10486303269863129,0.005009468179196119,-6.847274926258251e-05,0.012131160125136375,0.006729138549417257,0.0003597582981456071,0.03509267792105675,-0.0022334742825478315,0.0007793474942445755,0.00036391575122252107,0.17767012119293213,0.15652824938297272,-0.0011726231314241886,-0.0011508878087624907,0.013539262115955353,0.012989262118935585,-0.0006893668905831873,-0.00036545845796354115,-0.0007851343834772706,0.002754173008725047,-0.0006116391741670668,0.0036105778999626637,0.005375528708100319,0.006873193196952343,0.07088302820920944,0.06481301784515381,0.010523277334868908,0.00952895451337099,0.04508085548877716,0.044436823576688766,0.05632156506180763,0.055040549486875534,0.05482582002878189,0.002507738769054413,0.06265288591384888,0.06434251368045807,0.005429927725344896,0.0025970384012907743,-0.00012632980360649526,-1.6356380001525395e-06,-3.463370035206026e-08,-5.036163202021271e-07,-0.022874247282743454,-0.06279610097408295,-0.002497195964679122,-0.01895281858742237,-0.06281671673059464,-0.009517500177025795,3.7170863151550293,1.1473808288574219,3.546630859375,2.3734045028686523,57.499839782714844,20.17758560180664,13.43377685546875
45.0,68.0,0.02577666938304901,0.0008096243254840374,0.0008141358848661184,-0.0006517887231893837,-0.0003191726573277265,0.045361824333667755,0.12275396287441254,0.026609737426042557,0.0002946724707726389,0.041050828993320465,-0.001905091805383563,-0.0003925859637092799,0.045304566621780396,0.1228816881775856,0.0030146061908453703,-8.102174615487456e-05,0.011088681407272816,0.007077276241034269,0.0004922987427562475,0.02188669517636299,-0.0023295965511351824,0.0005546025349758565,0.00019953431910835207,0.16894029080867767,0.14809514582157135,-0.0009763621492311358,-0.001295850146561861,0.014377333223819733,0.01392680685967207,-0.0008380399667657912,-0.0002248636301374063,2.4081535229925066e-05,0.0028610206209123135,-0.000991729088127613,0.0023211624938994646,0.005318332463502884,0.0067363278940320015,0.07078895717859268,0.06580374389886856,0.004733206704258919,0.005103660747408867,0.05370941013097763,0.05309310927987099,0.05380072444677353,0.0509328730404377,0.050701942294836044,0.0032608979381620884,0.05592202767729759,0.05859193950891495,0.0018059813883155584,0.000817122810985893,-4.322455424699001e-05,-1.308192281612719e-06,-3.665771686200969e-08,-5.944092436038773e-07,-0.02311595156788826,-0.07761885225772858,-0.0016868121456354856,-0.02040080353617668,-0.07764055579900742,-0.010558600537478924,3.525789737701416,1.1252257823944092,3.2972545623779297,2.255239963531494,56.61517333984375,20.179773330688477,14.832306861877441
46.0,68.0,0.016781244426965714,0.00024220840714406222,0.0011379419593140483,-0.00043987587559968233,-0.0005037259543314576,0.04326130077242851,0.11970654129981995,0.0175313837826252,-0.000236081556067802,0.043665990233421326,-0.002142883138731122,-0.0005929827457293868,0.04321537911891937,0.11983039975166321,0.0021412279456853867,-8.053701458266005e-05,0.009894485585391521,0.009917733259499073,0.0005273039569146931,0.01025479193776846,-0.0020862086676061153,0.0010009746765717864,-9.138207678915933e-05,0.15815429389476776,0.1389719545841217,-0.0010081310756504536,-0.0011984618613496423,0.01502406969666481,0.014510768465697765,-0.0012563704513013363,-0.0012127670925110579,0.002277360064908862,0.0033291804138571024,-0.001148899900726974,0.0017897454090416431,0.005022683646529913,0.0064042843878269196,0.06425561010837555,0.060202211141586304,0.001271557528525591,0.0021291584707796574,0.05718756094574928,0.056564148515462875,0.048086877912282944,0.04742914065718651,0.04720355570316315,0.0038028103299438953,0.049500614404678345,0.052067894488573074,0.0012343856506049633,0.0005570945795625448,-3.580054908525199e-05,-1.3575640878116246e-06,-1.0332739996954388e-08,-1.1022341368516209e-06,-0.025086546316742897,-0.08255372941493988,-0.0016237777890637517,-0.022831842303276062,-0.08257501572370529,-0.011166409589350224,4.428382396697998,1.4599041938781738,6.7043843269348145,2.5393083095550537,56.467002868652344,16.641881942749023,13.674039840698242
47.0,68.0,0.003458553459495306,-0.0008906812872737646,0.003111147554591298,-0.0004219053662382066,-0.0005027037113904953,0.040186814963817596,0.12281454354524612,0.003874894930049777,-0.0013797671999782324,0.041389111429452896,-0.00183116365224123,-0.0006101336912252009,0.04013712331652641,0.12291973829269409,0.002188590820878744,-0.00010827964433701709,0.009482914581894875,0.011229846626520157,0.00022786097542848438,0.01430648285895586,-0.0018910309299826622,0.0011127147590741515,-5.2726289140991867e-05,0.15067759156227112,0.13333748281002045,-0.0008829120779410005,-0.0010126675479114056,0.016545891761779785,0.01592978648841381,-0.0007481359061785042,-0.001021118718199432,0.006654897704720497,0.003725362941622734,-0.000934285344555974,0.0016480827471241355,0.005088408477604389,0.006736153736710548,0.059729304164648056,0.05530717223882675,-0.000460983399534598,0.0010948384879156947,0.05283264070749283,0.05220264941453934,0.035306815057992935,0.035037118941545486,0.034811802208423615,0.0038321376778185368,0.046284593641757965,0.04915427044034004,0.0012434180825948715,0.0003155044396407902,-7.433513383148238e-05,-1.1719172334778705e-06,-3.612737486946571e-08,-9.077544405045046e-07,-0.02360285073518753,-0.09037534892559052,-0.0012207033578306437,-0.02079332061111927,-0.0903959646821022,-0.011718842200934887,4.2903056144714355,1.2044657468795776,9.99685287475586,2.113497018814087,61.89393615722656,12.569405555725098,9.834592819213867
48.0,68.0,-0.0005215515266172588,-0.000341153412591666,0.001286215614527464,-0.0005319949705153704,-0.0005035402718931437,0.036789990961551666,0.14019477367401123,0.00020341097842901945,-0.0006183747900649905,0.03853575885295868,-0.001775693497620523,-0.0006155615556053817,0.03674984723329544,0.1403283178806305,0.002426618942990899,-6.727564323227853e-05,0.006880403030663729,0.007846043445169926,-7.253272633533925e-05,0.008331898599863052,-0.0019347405759617686,0.0017658580327406526,-0.000166226556757465,0.1468345671892166,0.13117611408233643,-0.000987620442174375,-0.000785064185038209,0.017933214083313942,0.01713690534234047,0.00010282885341439396,-0.0013516939943656325,0.013781278394162655,0.005452379118651152,-0.0010744811734184623,0.0011182224843651056,0.004972567316144705,0.006681233178824186,0.047866180539131165,0.04010570049285889,-0.00186919083353132,-0.00010453663708176464,0.0444859117269516,0.04401174560189247,0.027371199801564217,0.030936596915125847,0.030773194506764412,0.003743315115571022,0.043479666113853455,0.047561340034008026,0.0006881114095449448,-0.00033059081761166453,-0.00011613193055381998,-1.2875611901108641e-06,-2.376099850209812e-08,-1.0327903510187753e-06,-0.023317987099289894,-0.09372644126415253,-0.0005086483433842659,-0.02010587602853775,-0.09374509006738663,-0.011428752914071083,5.134296894073486,1.5502548217773438,11.991020202636719,2.6994450092315674,53.14466094970703,13.337519645690918,14.064753532409668
49.0,68.0,-0.00099292176309973,-0.000383626640541479,1.0300474286850658e-06,-0.0005136720719747245,-0.00035111300530843437,0.03520340099930763,0.17169170081615448,-0.0008346992544829845,-0.0006438787095248699,0.0365937277674675,-0.0013600512174889445,-0.00047174032079055905,0.03510994836688042,0.17188911139965057,0.002194004599004984,-9.479138680035248e-05,0.004338565282523632,0.00352444383315742,-0.000292152602924034,0.0012299905065447092,-0.002019332256168127,0.002982615027576685,-0.0005180120351724327,0.1476464718580246,0.13162562251091003,-0.0006308803567662835,-0.0007404030184261501,0.019116675481200218,0.018187789246439934,0.00030087720369920135,-0.0018249698914587498,0.020850421860814095,0.007251179311424494,-0.0009760870016179979,0.001362449023872614,0.004913126118481159,0.006668912712484598,0.04050533473491669,0.0300552137196064,-0.0022712547797709703,-0.0005312775610946119,0.04632017761468887,0.045890677720308304,0.027049047872424126,0.03474678844213486,0.03455102816224098,0.00360135268419981,0.0414968840777874,0.046764373779296875,0.001280202530324459,-0.00018749438459053636,-0.00011736000305972993,-1.0432921726533095e-06,-1.359655321664377e-08,-8.194513725356956e-07,-0.022112026810646057,-0.09405535459518433,-0.00023337338643614203,-0.019827021285891533,-0.09407111257314682,-0.011168738827109337,4.853093147277832,1.3781718015670776,9.823731422424316,2.3493878841400146,57.019142150878906,13.786782264709473,12.612689971923828
50.0,68.0,-0.001172138610854745,-0.0003060324233956635,-0.00028688216116279364,-0.0005367291159927845,-0.0003709196171257645,0.031898047775030136,0.19519510865211487,-0.0010902625508606434,-0.0005348274717107415,0.03895703703165054,-0.0011222690809518099,-0.00048626179341226816,0.03180091455578804,0.1955047845840454,0.0015097232535481453,-8.343292574863881e-05,0.0014175721444189548,0.0031882361508905888,-0.00043738886597566307,4.711620567832142e-05,-0.0016046527307480574,0.004773067310452461,-0.0008604653994552791,0.144640251994133,0.12840433418750763,-0.0004633784992620349,-0.0006987846572883427,0.020163021981716156,0.019223513081669807,0.001316924230195582,-0.0019169352017343044,0.028379814699292183,0.009216107428073883,-0.0009745280258357525,0.001063489355146885,0.004403497092425823,0.006286572199314833,0.03912409767508507,0.02563757821917534,-0.0018298928625881672,-0.0004923617234453559,0.0437634214758873,0.043377503752708435,0.03941372036933899,0.04809212684631348,0.04800577089190483,0.0037914954591542482,0.03956521302461624,0.04501637816429138,0.0012393936049193144,-0.0001059701171470806,-8.22960864752531e-05,-1.1606418865994783e-06,-3.941038784205375e-08,-6.900909852447512e-07,-0.023310378193855286,-0.09160120040178299,-0.00024198998289648443,-0.021532535552978516,-0.09161565452814102,-0.010986622422933578,4.932264804840088,1.4717650413513184,8.852438926696777,2.4749815464019775,56.4554443359375,12.903003692626953,14.76020622253418
51.0,68.0,-0.0010928239207714796,-0.00012520444579422474,-0.00042390188900753856,-0.0003859490971080959,-0.00027499665156938136,0.028508657589554787,0.21024076640605927,-0.0012552314437925816,-0.0004640089755412191,0.041063882410526276,-0.0009617971372790635,-0.0004156332870479673,0.028395524248480797,0.2106015533208847,0.00011841872765216976,-9.93413123069331e-05,3.935431959689595e-05,0.0022543827071785927,-0.000443542143329978,-0.0009773913770914078,-0.0017438353970646858,0.0054579745046794415,-0.0011335802264511585,0.14168740808963776,0.1260724663734436,-0.0007330179796554148,-0.0008830702863633633,0.021164948120713234,0.020221317186951637,0.001229599816724658,-0.002433003392070532,0.03101116605103016,0.01020862814038992,-0.000554606900550425,0.0008917443337850273,0.004133232869207859,0.006141530815511942,0.04192144423723221,0.026983454823493958,-0.0016318438574671745,-0.0007315132534131408,0.04188501834869385,0.041525378823280334,0.04194902256131172,0.05187283828854561,0.05183583125472069,0.0039621260948479176,0.03794555366039276,0.042766522616147995,0.0012772700283676386,0.00011424042895669118,-6.532358383992687e-05,-1.1497852483444149e-06,-7.7105930529342e-08,-6.952136004656495e-07,-0.024114584550261497,-0.08909597247838974,-0.00020707953081000596,-0.022252757102251053,-0.08910851180553436,-0.010644704103469849,4.644909858703613,1.5171606540679932,10.9087495803833,2.0993387699127197,56.24137878417969,13.918342590332031,12.590423583984375
52.0,68.0,-0.00120896240696311,-0.00018066560733132064,-0.0003440664731897414,-0.0004141723329667002,-0.00018952539539895952,0.02696113847196102,0.2232247143983841,-0.0015949851367622614,-0.0005044594872742891,0.041122663766145706,-0.0009260021615773439,-0.00031731752096675336,0.026860928162932396,0.22358927130699158,-0.00026000788784585893,-9.012112423079088e-05,-0.0004075487668160349,0.0018163260538130999,-0.00047569884918630123,-0.00040720021934248507,-0.0014772554859519005,0.005997851956635714,-0.001169133116491139,0.14046141505241394,0.12564696371555328,-0.0008565426687709987,-0.0011002356186509132,0.022060059010982513,0.02126004546880722,0.001272429944947362,-0.0021568320225924253,0.03342203050851822,0.011160144582390785,-0.0003997655294369906,0.0007205297006294131,0.004221790004521608,0.006261463277041912,0.04364248365163803,0.0285587590187788,-0.0019028495298698545,-0.0011826406698673964,0.044221267104148865,0.043883465230464935,0.039199650287628174,0.04997098073363304,0.049963321536779404,0.004274848848581314,0.03640594705939293,0.04202529042959213,0.0015351042384281754,0.0002228728699265048,-2.623782893351745e-05,-1.2452146620489657e-06,-8.780623517168351e-08,-4.718974082607019e-07,-0.023400908336043358,-0.087196484208107,-4.913707380183041e-05,-0.021671101450920105,-0.08720844984054565,-0.0103886928409338,4.859301567077637,1.420751929283142,10.068017959594727,2.141214609146118,54.813560485839844,12.098785400390625,16.60157585144043
53.0,68.0,-0.001350828562863171,-0.0002923825231846422,-0.0006565838120877743,-0.000302961008856073,-7.84831281634979e-05,0.02581915445625782,0.23497682809829712,-0.001936348038725555,-0.0005827889544889331,0.03857093304395676,-0.0007754485122859478,-0.0002122729638358578,0.025713719427585602,0.23534874618053436,-1.4356579413288273e-05,-7.190679752966389e-05,-0.0007963451207615435,0.0025216015055775642,-0.0001749698567437008,-0.00020830548601225019,-0.001257965574041009,0.006308376789093018,-0.0013331595109775662,0.14147064089775085,0.12730911374092102,-0.0010125107364729047,-0.0009671584703028202,0.02341897040605545,0.022661540657281876,0.0007026336970739067,-0.002147131832316518,0.03527584671974182,0.012220680713653564,-0.0003671054437290877,0.00043787728645838797,0.004603398498147726,0.006639490835368633,0.04827910289168358,0.03259478509426117,-0.0025568788405507803,-0.0020502936094999313,0.047664493322372437,0.0473274365067482,0.03007393516600132,0.04312954843044281,0.04304623603820801,0.00497219106182456,0.03464578092098236,0.04119062051177025,0.002132077468559146,-0.0002373333991272375,2.302445500390604e-05,-1.3522719655156834e-06,-5.966816729596758e-08,-4.427510020832415e-07,-0.021814754232764244,-0.08490364253520966,0.00030398453236557543,-0.02076198346912861,-0.08491368591785431,-0.009792836382985115,5.845157146453857,1.8587315082550049,12.786428451538086,2.243204355239868,51.911590576171875,13.155068397521973,14.191041946411133
54.0,68.0,-0.0011053861817345023,-0.0003376419481355697,-0.000636652170214802,-0.00022350356448441744,-4.11685359722469e-05,0.025149546563625336,0.24201636016368866,-0.002002385212108493,-0.000620296981651336,0.03634856268763542,-0.0006641404470428824,-0.0001613378117326647,0.025027621537446976,0.24241073429584503,0.0004559547523967922,-6.682360253762454e-05,-0.0008512070053257048,0.0032139518298208714,-6.537420995300636e-05,-0.0005181280430406332,-0.0012137627927586436,0.006551706697791815,-0.0014160466380417347,0.1442161500453949,0.12880493700504303,-0.0010107032721862197,-0.0009619767079129815,0.024688437581062317,0.02400386519730091,0.00021587144874501973,-0.002257354324683547,0.03638974577188492,0.012958024628460407,-0.0002691142144612968,0.0005084088770672679,0.004829465877264738,0.006815922912210226,0.053884197026491165,0.03804651275277138,-0.0024925791658461094,-0.0024914517998695374,0.049967847764492035,0.04955698922276497,0.020957281813025475,0.03580194339156151,0.03564993292093277,0.005456905346363783,0.03458309546113014,0.04131599888205528,0.006030673161149025,0.0011266795918345451,3.9385096897603944e-05,-1.3386001000981196e-06,-5.2773831527019865e-08,-3.7784491269121645e-07,-0.020111635327339172,-0.08196258544921875,0.00033811089815571904,-0.019558625295758247,-0.0819719135761261,-0.009447409771382809,5.573796272277832,1.6077359914779663,10.795402526855469,2.2530205249786377,54.21619415283203,12.346723556518555,15.195098876953125
55.0,68.0,-0.0009923710022121668,-0.0003449459036346525,-0.0005939609836786985,-0.00016523803060408682,-4.127880674786866e-05,0.024285191670060158,0.248145192861557,-0.0020848256535828114,-0.0006033632671460509,0.034134384244680405,-0.0006251968443393707,-0.00014364774688147008,0.024154750630259514,0.2485678791999817,0.0011803708039224148,-6.162670615594834e-05,-0.0007566343992948532,0.0042420485988259315,3.2589901820756495e-05,-0.0007504216628149152,-0.0012509205844253302,0.007091537583619356,-0.0014981176936998963,0.14825093746185303,0.1314345896244049,-0.0010688644833862782,-0.0008686674409545958,0.026006774976849556,0.025392470881342888,2.6977770176017657e-05,-0.002339605474844575,0.03693920746445656,0.013362327590584755,-0.0002177132701035589,0.0005690703983418643,0.004972374532371759,0.006927116308361292,0.06030769273638725,0.04404539614915848,-0.0023247217759490013,-0.0027902552392333746,0.050183121114969254,0.049714766442775726,0.014359202235937119,0.031130844727158546,0.03094569221138954,0.005754499230533838,0.03545387089252472,0.04214875400066376,0.008660110644996166,0.0019439593888819218,3.341994670336135e-05,-1.345758846582612e-06,-3.86011969055744e-08,-4.0416986735181126e-07,-0.018586326390504837,-0.07956936955451965,0.0004110988520551473,-0.018482504412531853,-0.07957782596349716,-0.009136813692748547,5.561196327209473,1.6183210611343384,11.116915702819824,2.4657599925994873,53.82740783691406,12.20122241973877,15.188868522644043
56.0,68.0,-0.000929066096432507,-0.00035534630296751857,-0.0005543536972254515,-0.00013795959239359945,-4.982968675903976e-05,0.02352239564061165,0.2549077272415161,-0.0021618849132210016,-0.0005805296241305768,0.03160907328128815,-0.00059111462906003,-0.00014061506954021752,0.023387566208839417,0.2553587257862091,0.002208868507295847,-5.2425035391934216e-05,-0.0005783399101346731,0.005142511799931526,0.00010647284216247499,-0.0009060368756763637,-0.0013059150660410523,0.007975539192557335,-0.0015490573132410645,0.15431900322437286,0.1358823925256729,-0.0011230939999222755,-0.0007747865747660398,0.027483506128191948,0.026903869584202766,-4.62000461993739e-05,-0.002458514180034399,0.037930067628622055,0.013763973489403725,-0.00020396069157868624,0.0005854595801793039,0.005040068179368973,0.006980966776609421,0.06634575128555298,0.04939449951052666,-0.0020256375428289175,-0.0029647520277649164,0.04994494095444679,0.049439478665590286,0.010802137665450573,0.028608161956071854,0.028419088572263718,0.005892923567444086,0.037687793374061584,0.04421814903616905,0.010121661238372326,0.0023152963258326054,2.4674833184690215e-05,-1.3458412695399602e-06,-2.562122958238433e-08,-3.9544852370454464e-07,-0.01687641441822052,-0.07813120633363724,0.0005802784580737352,-0.017189839854836464,-0.07813896983861923,-0.008825598284602165,5.492432117462158,1.6359224319458008,11.637062072753906,2.820437431335449,52.91594696044922,12.027092933654785,15.475768089294434
57.0,68.0,-0.0009402741561643779,-0.00033836494549177587,-0.0005320476484484971,-0.00015505241753999144,-6.318023224594072e-05,0.023157019168138504,0.2606900930404663,-0.002224026247859001,-0.0005198628641664982,0.028830112889409065,-0.0005697287269867957,-0.00014774945157114416,0.023019015789031982,0.2611723244190216,0.0033455402590334415,-4.432534478837624e-05,-0.0003961395414080471,0.004975682590156794,0.000262736837612465,-0.0013332748785614967,-0.0013961339136585593,0.009166116826236248,-0.0015743743861094117,0.1645287573337555,0.14427822828292847,-0.0011579651618376374,-0.0006833279621787369,0.028984807431697845,0.02840329147875309,-9.539712482364848e-05,-0.0026017942000180483,0.039071086794137955,0.014132613316178322,-0.00017124875739682466,0.0005359919159673154,0.005052736960351467,0.006979980040341616,0.07103393971920013,0.05322008207440376,-0.0015410067280754447,-0.0031128916889429092,0.0495949313044548,0.04906325414776802,0.008478987962007523,0.026918627321720123,0.026752060279250145,0.005893161986023188,0.04261057823896408,0.04878340661525726,0.011722284369170666,0.0028203644324094057,2.1970923626213335e-05,-1.3384991461862228e-06,-1.768784940736623e-08,-3.4890811662080523e-07,-0.014977050013840199,-0.07759390771389008,0.0008422679384239018,-0.015630556270480156,-0.07760127633810043,-0.008516442030668259,5.371311187744141,1.6759179830551147,12.34595775604248,3.2130274772644043,52.02782440185547,11.803808212280273,15.564525604248047
58.0,68.0,-0.0010321439476683736,-0.00030244511435739696,-0.0004850895784329623,-0.00017939525423571467,-8.211185922846198e-05,0.02326313406229019,0.265102744102478,-0.002164645818993449,-0.00044359511230140924,0.026507144793868065,-0.000529398734215647,-0.00016129043069668114,0.023133765906095505,0.2656181752681732,0.004291472025215626,-3.563060818123631e-05,-0.00021120632300153375,0.004270855337381363,0.00042346076224930584,-0.001723751425743103,-0.0014270007377490401,0.01052851602435112,-0.0015806173905730247,0.1763593852519989,0.1543010175228119,-0.001185445231385529,-0.0005943280993960798,0.030296625569462776,0.029680976644158363,-0.00015081156743690372,-0.002711527980864048,0.03952682390809059,0.014343241229653358,-0.00010516643669689074,0.00043973635183647275,0.005011948756873608,0.006918066181242466,0.07566340267658234,0.05701390653848648,-0.0009219322819262743,-0.003122085938230157,0.049939047545194626,0.049394391477108,0.006388876587152481,0.02509988285601139,0.024965796619653702,0.005856997333467007,0.04894262179732323,0.05486127361655235,0.013571355491876602,0.003508881665766239,2.3133661670726724e-05,-1.3264275366964284e-06,-1.4175161489049515e-08,-2.826444074344181e-07,-0.013220107182860374,-0.07779544591903687,0.0010828080121427774,-0.014084286987781525,-0.07780276983976364,-0.008300979621708393,5.281646728515625,1.7146804332733154,13.204839706420898,3.5494613647460938,51.137786865234375,11.461812973022461,15.634302139282227
59.0,68.0,-0.0011853135656565428,-0.0002672312839422375,-0.0004209963954053819,-0.00018135624122805893,-0.00011909803288290277,0.02363012544810772,0.2696802020072937,-0.0020400292705744505,-0.00037486114888451993,0.02480171248316765,-0.0004553652834147215,-0.00019087370310444385,0.023519368842244148,0.2702259421348572,0.004971027839928865,-2.2453939891420305e-05,-2.6093963242601603e-05,0.003693471197038889,0.0005033813649788499,-0.0019577855709940195,-0.0014078498352319002,0.011912461370229721,-0.0015804338036105037,0.1880086362361908,0.1645495742559433,-0.0012216991744935513,-0.0004936445620842278,0.03145239129662514,0.030799008905887604,-0.00022635061759501696,-0.0027629469987004995,0.03900241479277611,0.014442184008657932,-4.7225803427863866e-05,0.0003340521943755448,0.004893166478723288,0.006770025938749313,0.08151668310165405,0.06220100820064545,-0.00036122131859883666,-0.003063392825424671,0.050739921629428864,0.050193823873996735,0.005085187032818794,0.022952204570174217,0.022850310429930687,0.0058553796261549,0.05485502630472183,0.060648322105407715,0.014858796261250973,0.003966473508626223,2.498642061254941e-05,-1.324011350334331e-06,-1.4586647445469225e-08,-2.0548922918806056e-07,-0.011649702675640583,-0.07855802029371262,0.0012713356409221888,-0.012607517652213573,-0.07856570929288864,-0.00819492619484663,5.202849864959717,1.7300573587417603,13.969274520874023,3.7828030586242676,50.256927490234375,11.140058517456055,15.85555648803711
60.0,68.0,-0.0013293303782120347,-0.00023622286971658468,-0.0003751785261556506,-0.0001589892926858738,-0.00015731579333078116,0.024150634184479713,0.274969220161438,-0.0018851787317544222,-0.00030961312586441636,0.023323755711317062,-0.0003833748050965369,-0.0002196268324041739,0.0240637119859457,0.27553921937942505,0.005462935194373131,-4.616393653122941e-06,0.00011938428360735998,0.0032979962415993214,0.0005174438701942563,-0.0020254666451364756,-0.0013630336616188288,0.01324495766311884,-0.0015738963847979903,0.19914129376411438,0.17489074170589447,-0.0012916093692183495,-0.0003162056964356452,0.03259311988949776,0.03191734477877617,-0.00032052534515969455,-0.0027714548632502556,0.03778276592493057,0.014493466354906559,-1.0411590665171389e-05,0.00024470913922414184,0.004751021042466164,0.006596573628485203,0.08819623291492462,0.06834173947572708,0.00018732469470705837,-0.0028777311090379953,0.05169926956295967,0.05115991085767746,0.00458756135776639,0.020693916827440262,0.020621374249458313,0.005862104706466198,0.05973055213689804,0.06551394611597061,0.015460328198969364,0.0041544511914253235,2.504627627786249e-05,-1.3473214721670956e-06,-1.852554554204744e-08,-1.3178564017835015e-07,-0.010095122270286083,-0.07984036207199097,0.0014615851687267423,-0.011069435626268387,-0.07984878867864609,-0.008146189153194427,5.1388421058654785,1.732284665107727,14.584136009216309,3.931528091430664,49.424644470214844,10.902286529541016,16.157665252685547
61.0,68.0,-0.0014257181901484728,-0.0002086044696625322,-0.0003399581473786384,-0.00013173447223380208,-0.00019298409461043775,0.02465815469622612,0.27992677688598633,-0.0017681509489193559,-0.00024361707619391382,0.021869055926799774,-0.00032846073736436665,-0.00024377580848522484,0.024593770503997803,0.28051263093948364,0.005809885449707508,1.6167834473890252e-05,0.00019376492127776146,0.002653519157320261,0.0006527431542053819,-0.0020477036014199257,-0.0013423728523775935,0.014477912336587906,-0.0015642413636669517,0.20887595415115356,0.18442057073116302,-0.0013914681039750576,-2.1805521100759506e-05,0.033691078424453735,0.033018797636032104,-0.00037843125755898654,-0.0027580910827964544,0.03688092157244682,0.014634435065090656,2.54808364843484e-05,0.00016688879986759275,0.00465664267539978,0.006477468181401491,0.09313957393169403,0.07275740057229996,0.000563430308829993,-0.0027484772726893425,0.052334170788526535,0.051805973052978516,0.004862083587795496,0.018619025126099586,0.018579591065645218,0.00586310401558876,0.06368665397167206,0.06947148591279984,0.01552547886967659,0.004130681976675987,2.078651959891431e-05,-1.4038336075827829e-06,-2.5271127412906935e-08,-6.893576198763185e-08,-0.008523195050656796,-0.08154486864805222,0.001663214759901166,-0.009426817297935486,-0.08155430853366852,-0.008128940127789974,5.1096577644348145,1.7262674570083618,15.026084899902344,4.035394191741943,48.58856964111328,10.709728240966797,16.602893829345703
62.0,68.0,-0.0014708794187754393,-0.00018642006034497172,-0.00028688469319604337,-0.00011818753409897909,-0.00023028274881653488,0.025152428075671196,0.2835642099380493,-0.0017214614199474454,-0.0001886726968223229,0.020300105214118958,-0.00030683615477755666,-0.0002707972889766097,0.02510516718029976,0.28415924310684204,0.006025663577020168,3.3837637602118775e-05,0.0002577582490630448,0.001987026073038578,0.0007200794061645865,-0.0020600876305252314,-0.0013037478784099221,0.015624921768903732,-0.0015519022708758712,0.21737314760684967,0.19302962720394135,-0.0014744809595867991,0.000408386520575732,0.034648723900318146,0.033982228487730026,-0.0004389681271277368,-0.002755344146862626,0.036318693310022354,0.014689544215798378,3.752127304323949e-05,0.00011173498205607757,0.004612177610397339,0.006415862590074539,0.09595735371112823,0.07504688948392868,0.0008141691796481609,-0.0026428690180182457,0.053003668785095215,0.052483201026916504,0.005587377585470676,0.01671474613249302,0.016712849959731102,0.005841582547873259,0.06704756617546082,0.0727577805519104,0.015397872775793076,0.004054615274071693,1.65526525961468e-05,-1.4808331343374448e-06,-3.34740235530262e-08,-1.1830344703867013e-08,-0.006889150012284517,-0.08333993703126907,0.001862070057541132,-0.007699219509959221,-0.08335041254758835,-0.008121340535581112,5.0572285652160645,1.6958041191101074,15.367244720458984,4.102015018463135,47.876617431640625,10.471661567687988,17.170936584472656
63.0,68.0,-0.0014462603721767664,-0.00014434663171414286,-0.00015467562479898334,-0.00012795762449968606,-0.00026010058354586363,0.02577761374413967,0.28543901443481445,-0.0017040639650076628,-0.00013123638927936554,0.01863017864525318,-0.00032014321186579764,-0.00029587981407530606,0.025741243734955788,0.28604206442832947,0.006166013889014721,4.6175671741366386e-05,0.0002243868075311184,0.0014966675080358982,0.000783845956902951,-0.0021215102169662714,-0.0012620931956917048,0.016767330467700958,-0.001533744391053915,0.22537584602832794,0.20103202760219574,-0.0015062198508530855,0.000835470505990088,0.03551362827420235,0.03483518213033676,-0.0005005740094929934,-0.002773413434624672,0.03617272153496742,0.014696267433464527,5.5133550631580874e-05,5.922150012338534e-05,0.004620794672518969,0.006414349190890789,0.097048319876194,0.07557255029678345,0.001031012972816825,-0.002622833475470543,0.0538673959672451,0.053344517946243286,0.005825819913297892,0.014856711961328983,0.014896316453814507,0.005806369706988335,0.0700945258140564,0.07559068500995636,0.015320008620619774,0.004013862926512957,1.372176302538719e-05,-1.5583608501401613e-06,-4.11236662500869e-08,3.837761042291277e-08,-0.005176160484552383,-0.08516021817922592,0.0020518891979008913,-0.005983565002679825,-0.08517153561115265,-0.008126219734549522,4.9894795417785645,1.6540025472640991,15.48232650756836,4.148928165435791,47.59563446044922,10.2589750289917,17.60108184814453
64.0,68.0,-0.0014118016697466373,-9.967845835490152e-05,3.5124350688420236e-05,-0.00016222747217398137,-0.00027451803907752037,0.026685193181037903,0.28671109676361084,-0.001691334880888462,-8.831106242723763e-05,0.016932327300310135,-0.0003492973337415606,-0.00031201596721075475,0.026657238602638245,0.2873222827911377,0.006199815310537815,5.5333570344373584e-05,8.901512046577409e-05,0.0008713463903404772,0.0007942758384160697,-0.002259876811876893,-0.0012367904419079423,0.01784115843474865,-0.0014972436474636197,0.2326459288597107,0.2081536054611206,-0.0015139073366299272,0.0011760579654946923,0.03623532876372337,0.03551556542515755,-0.0005885379505343735,-0.002812569960951805,0.03628050908446312,0.01465622428804636,9.626582323107868e-05,-2.1888054106966592e-05,0.004699088167399168,0.00648127868771553,0.0958208441734314,0.07378047704696655,0.0010866086231544614,-0.002766485558822751,0.0550399050116539,0.05451033264398575,0.003912809770554304,0.01263530645519495,0.012712798081338406,0.005754516925662756,0.0726807564496994,0.07790276408195496,0.015537234954535961,0.004090082831680775,1.1183949936821591e-05,-1.624102196728927e-06,-4.753616877906097e-08,7.95619357063515e-08,-0.003487922949716449,-0.08716477453708649,0.002227089600637555,-0.004384961910545826,-0.08717656880617142,-0.008160071447491646,4.926997661590576,1.609758973121643,15.389350891113281,4.197185516357422,47.89232635498047,10.10651683807373,17.636953353881836
